,P01,P02,P03,P04,P05,P06,P07,P08,P09,P10,P11,P12,P13,P14,P15,P16,P17,P18,P19,P20,Puntaje
12509,7,7,7,7,7,7,7,7,7,7,7,7,7,7,7,8,7,7,7,7,7.05
12510,10,10,10,10,10,10,10,10,10,10,10,10,10,10,10,10,10,10,10,10,10.0
12511,8,8,6,8,8,8,8,8,8,8,8,8,8,8,8,8,8,8,8,8,7.9
12512,7,10,10,10,10,8,8,8,8,8,8,8,8,8,8,9,7,8,7,9,8.35
12513,10,10,10,10,10,10,10,10,10,10,10,10,10,10,10,10,10,10,10,10,10.0
12514,9,9,9,9,9,9,9,9,9,9,9,9,9,8,8,8,9,9,8,8,8.75
12515,10,10,10,10,10,10,10,10,10,10,10,10,10,10,10,10,10,10,10,10,10.0
12516,2,2,3,4,3,3,4,6,5,4,4,4,5,4,4,4,4,4,4,4,3.85
12517,9,9,9,9,9,9,9,9,9,9,9,9,9,9,9,9,9,9,9,9,9.0
12518,9,8,10,9,8,9,8,9,9,8,9,8,9,9,8,8,8,8,8,8,8.5
12519,10,9,10,10,10,10,10,10,10,10,10,9,9,10,9,10,10,9,9,10,9.7
12520,6,7,7,7,6,7,8,8,7,8,8,4,5,7,8,8,7,8,6,8,7.0
12521,10,10,10,10,10,10,10,10,10,10,10,10,10,10,10,10,10,10,10,10,10.0
12522,7,7,7,7,7,7,8,7,7,7,7,7,7,7,7,7,7,7,7,7,7.05
12523,10,9,9,9,10,10,10,10,10,10,10,10,9,10,10,10,10,10,10,10,9.8
12524,9,10,9,8,9,10,10,10,9,9,10,10,9,10,10,10,10,9,9,9,9.45
12525,7,7,8,8,8,8,8,8,8,8,8,8,8,8,8,8,8,8,8,8,7.9
12526,10,10,10,10,10,10,10,10,10,10,10,10,10,10,10,10,10,10,10,10,10.0
17119,10,10,10,10,10,10,10,10,10,10,10,10,10,10,10,10,10,10,10,10,10.0
17120,6,3,6,4,7,6,3,6,4,3,4,4,5,3,4,5,3,3,5,4,4.4
17121,9,9,9,9,9,9,9,10,9,9,9,9,9,9,9,9,9,9,9,9,9.05
17122,7,7,7,7,7,7,7,7,7,7,7,7,7,7,7,7,7,7,7,7,7.0
17123,8,7,7,9,7,8,9,9,8,8,7,9,8,8,9,9,7,8,8,7,8.0
17124,8,8,8,8,8,8,8,8,8,8,8,8,8,9,9,8,9,8,9,8,8.2
17125,10,10,10,10,10,10,10,10,10,10,10,10,10,10,10,10,10,10,10,10,10.0
17126,1,10,9,8,10,8,8,8,9,5,8,7,8,7,10,8,8,10,9,8,7.95
17127,10,9,9,9,9,9,9,9,9,9,9,9,9,9,9,9,9,8,9,9,9.0
17128,10,10,10,10,10,10,10,10,10,10,10,10,10,10,10,10,10,10,10,10,10.0
17129,10,10,10,10,10,10,10,10,10,10,10,10,10,10,10,10,10,10,10,10,10.0
17130,10,10,10,10,10,10,10,10,10,10,10,10,10,10,10,10,10,10,10,10,10.0
17131,9,8,7,9,8,8,8,9,9,9,9,9,9,9,9,10,10,10,10,10,8.95
17132,8,9,9,9,9,9,8,8,8,8,9,9,8,9,9,9,9,9,8,8,8.6
17133,8,8,8,8,8,8,8,8,8,8,8,8,8,8,8,8,8,8,8,8,8.0
17134,8,7,7,7,7,7,7,7,6,7,8,7,6,8,7,7,8,7,9,7,7.2
17135,5,5,5,5,6,5,5,6,5,5,5,5,5,5,5,5,5,6,5,5,5.15
17136,10,10,10,10,10,10,10,10,10,10,10,10,10,10,10,10,10,10,10,10,10.0
17137,7,7,7,7,7,7,7,7,7,7,7,7,7,7,7,7,7,7,7,7,7.0
17138,9,10,9,10,9,9,9,8,9,8,9,10,9,9,8,9,8,9,8,9,8.9
17139,10,10,10,10,10,10,10,10,10,10,10,10,10,10,10,10,10,10,10,10,10.0
17140,8,8,8,8,9,8,8,8,8,8,8,8,8,8,8,8,7,7,7,7,7.85
17141,10,10,10,10,10,10,10,10,10,10,10,10,10,10,10,10,10,10,10,10,10.0
17142,5,6,6,5,6,6,7,6,7,7,7,7,7,6,6,6,5,6,8,6,6.25
17143,10,9,10,9,10,10,10,10,10,10,10,10,10,10,10,10,10,10,10,10,9.9
17144,9,9,9,9,8,8,8,8,8,8,8,8,8,8,8,8,8,8,8,8,8.2
17145,10,10,10,10,10,10,10,10,10,10,10,10,10,10,10,10,10,10,10,10,10.0
17146,10,10,10,10,10,10,10,10,10,10,10,10,10,10,10,10,10,10,10,10,10.0
17147,10,10,10,10,10,10,10,10,10,10,10,10,10,10,10,10,10,10,10,10,10.0
17148,5,5,4,5,4,5,4,5,4,4,5,4,4,4,4,4,4,4,4,4,4.3
17149,10,10,10,10,10,10,10,10,10,10,10,10,10,10,10,10,10,10,10,10,10.0
17150,10,10,10,10,10,10,10,10,10,10,10,10,10,10,10,10,10,10,10,10,10.0
17151,9,8,9,8,9,8,9,8,9,8,9,8,9,8,9,8,9,8,9,8,8.5
17152,10,10,10,10,10,10,10,10,10,10,10,10,10,10,10,10,10,10,10,10,10.0
17153,9,10,10,10,10,10,10,9,9,9,9,10,9,9,9,10,9,9,10,10,9.5
17154,10,10,10,10,10,10,10,10,10,10,10,10,10,10,10,10,10,10,10,10,10.0
17155,8,8,8,8,8,8,8,8,8,8,8,8,8,8,8,8,8,8,8,8,8.0
17156,8,8,8,8,8,8,8,8,8,8,8,9,8,8,8,8,8,8,8,8,8.05
17157,8,8,8,8,8,8,8,8,8,8,8,8,8,8,8,7,8,8,8,8,7.95
17158,6,6,6,6,6,6,6,6,6,6,6,6,6,6,6,6,6,6,6,6,6.0
17159,8,8,8,8,8,8,7,7,7,7,7,7,7,7,7,7,7,7,7,8,7.35
17160,10,10,10,10,10,10,10,10,10,9,10,10,10,10,10,10,10,10,10,10,9.95
17161,6,10,10,6,6,6,6,6,6,6,6,6,7,8,7,8,7,8,8,8,7.05
17162,10,10,10,10,10,10,10,10,10,10,10,10,10,10,10,10,10,10,10,10,10.0
17163,5,5,5,8,5,5,5,5,5,5,5,5,5,5,5,5,5,5,5,5,5.15
17164,1,1,2,10,7,7,8,7,8,1,2,2,2,8,8,1,1,1,1,1,3.95
17165,10,10,9,9,10,9,9,9,9,9,9,9,9,9,9,9,9,9,10,9,9.2
17166,5,5,5,5,5,5,5,5,5,5,5,5,5,5,5,5,5,5,5,5,5.0
17167,10,10,10,10,10,10,10,10,10,10,10,10,10,10,10,10,10,10,10,10,10.0
17168,6,5,5,4,3,4,5,4,3,2,3,4,5,4,3,2,3,4,3,2,3.7
17169,8,8,8,8,8,8,8,8,8,8,8,8,8,8,8,8,8,8,8,8,8.0
17170,8,9,9,9,9,9,9,9,9,9,9,9,9,9,9,9,9,9,9,9,8.95
17171,10,10,10,10,10,10,10,10,10,10,10,10,10,10,10,10,10,10,10,10,10.0
17172,7,7,7,7,7,7,7,7,6,5,6,6,5,6,6,5,6,5,6,5,6.15
17173,10,10,10,10,10,10,10,10,10,10,10,10,10,10,10,10,10,10,10,10,10.0
17174,10,10,10,10,10,10,10,10,10,10,10,10,10,10,10,10,10,10,10,10,10.0
17175,3,3,3,3,3,3,3,3,3,3,3,3,3,3,3,3,3,3,3,3,3.0
17176,10,10,10,10,10,10,10,10,10,10,10,10,10,10,10,10,10,10,10,10,10.0
17177,3,3,2,2,2,2,2,2,2,2,2,2,2,2,2,2,2,2,2,2,2.1
17178,5,3,5,5,5,5,5,5,5,4,4,4,4,5,4,4,4,4,4,4,4.4
17179,4,4,4,4,5,5,6,6,5,6,6,6,6,6,6,6,7,7,7,7,5.65
17180,4,4,4,4,4,4,4,6,4,4,4,4,4,4,4,6,4,5,5,5,4.35
17181,10,10,10,10,10,10,10,10,10,10,10,10,10,10,10,10,10,10,10,10,10.0
17182,7,7,7,7,7,7,7,7,7,7,7,7,7,7,8,7,7,7,7,7,7.05
17183,5,6,6,6,6,6,6,6,5,5,5,5,5,5,5,5,5,4,5,5,5.3
17184,2,2,2,1,2,2,2,2,2,1,2,2,1,3,4,2,2,2,2,2,2.0
17185,5,5,5,5,5,5,5,5,5,5,5,5,5,5,5,5,5,5,5,5,5.0
17186,8,8,8,8,8,8,8,8,8,8,8,8,8,8,8,8,8,8,8,8,8.0
17187,10,10,10,10,10,10,10,10,10,10,10,10,10,10,10,10,10,10,10,10,10.0
17188,10,10,10,10,10,10,10,10,10,10,10,10,10,10,10,10,10,10,10,10,10.0
17189,10,10,10,10,10,10,10,10,10,10,10,10,10,10,10,10,10,10,10,10,10.0
34740,10,9,10,9,10,9,10,9,9,10,10,10,9,10,9,10,9,10,10,10,9.6
34741,10,10,10,10,10,10,10,10,10,10,10,10,10,10,10,10,10,10,10,10,10.0
34742,9,9,9,9,7,7,7,7,7,7,7,9,10,6,4,4,9,7,6,10,7.5
34743,10,10,9,9,9,9,9,9,9,9,9,9,9,9,8,10,9,10,9,10,9.2
34744,6,7,6,6,5,6,7,5,7,5,5,5,7,5,6,6,5,6,7,5,5.85
34745,8,8,8,8,8,8,8,8,8,7,7,8,8,7,8,7,8,8,8,8,7.8
34746,5,4,5,4,5,4,5,5,5,8,7,8,1,8,2,7,6,1,7,9,5.3
34747,5,5,5,5,5,5,5,5,5,5,5,5,5,6,6,5,6,6,6,6,5.3
34748,10,10,10,10,10,10,10,10,10,10,10,10,10,10,10,10,10,10,10,10,10.0
34749,8,9,8,9,8,9,9,8,8,9,8,9,8,9,8,7,8,9,7,8,8.3
34750,2,1,2,2,2,2,2,2,2,2,2,4,4,4,4,4,4,4,4,4,2.85
34751,9,9,9,9,9,9,9,9,9,9,9,9,9,9,9,9,9,9,9,9,9.0
34752,9,9,9,9,9,9,9,10,10,10,10,10,10,10,10,10,10,10,10,10,9.65
34753,10,10,10,10,10,9,10,10,10,9,10,10,10,10,9,10,10,10,10,10,9.85
34754,10,10,10,10,10,10,10,10,10,10,10,10,10,10,10,10,10,10,10,10,10.0
34755,10,10,9,10,10,10,10,1,10,10,10,10,10,10,10,10,10,10,10,10,9.5
34756,10,10,9,9,10,9,10,10,10,9,9,10,9,10,10,10,9,9,9,9,9.5
34757,9,10,10,10,9,10,9,10,10,10,9,10,10,8,10,10,10,10,9,10,9.65
34758,9,7,9,8,8,7,8,9,9,8,9,9,8,8,10,10,9,9,9,8,8.55
34759,8,8,9,8,8,9,9,7,8,5,9,7,7,9,8,8,7,8,7,9,7.9
50989,5,5,5,5,4,4,4,4,4,4,4,4,4,4,4,4,4,4,3,3,4.1
50990,9,8,9,8,8,9,9,7,8,9,7,9,9,8,8,8,9,8,9,9,8.4
50991,5,5,5,5,5,5,5,5,5,5,5,5,5,5,5,5,5,5,5,5,5.0
50992,7,7,9,7,7,7,7,7,7,7,7,8,7,7,7,7,7,7,7,7,7.15
50993,10,10,10,10,10,10,10,10,10,10,10,10,10,10,10,10,10,10,10,10,10.0
50994,9,9,9,9,9,9,9,9,9,9,9,9,9,9,9,9,9,9,9,9,9.0
50995,8,9,10,7,6,10,8,9,9,8,9,9,10,10,10,10,9,9,10,10,9.0
50996,2,2,2,2,2,2,2,2,2,2,2,2,2,2,2,2,2,2,2,2,2.0
50997,9,9,9,9,9,9,10,10,9,8,9,9,7,8,8,8,9,9,9,9,8.8
50998,5,5,5,5,5,5,5,5,5,5,5,5,5,5,5,5,5,5,5,5,5.0
50999,10,10,10,10,10,10,10,10,10,10,10,10,10,10,10,10,10,10,10,10,10.0
51000,8,8,8,8,8,8,8,8,8,8,8,8,8,8,8,8,8,8,8,8,8.0
51001,10,10,10,10,10,10,10,10,10,10,10,10,10,10,9,9,9,9,9,9,9.7
51002,1,1,4,4,4,3,2,4,8,4,4,6,5,3,3,5,3,2,5,4,3.75
51003,9,9,9,9,9,9,9,9,9,8,9,8,9,9,9,8,8,9,8,8,8.7
51004,5,5,5,5,5,5,5,5,5,5,5,5,5,5,5,5,5,5,5,5,5.0
51005,10,9,9,9,9,9,9,9,9,9,9,9,9,9,9,9,9,9,9,9,9.05
51006,10,10,10,10,10,10,10,10,10,10,10,10,10,10,10,10,10,10,10,10,10.0
51007,10,10,10,10,10,10,10,10,10,10,10,10,10,10,10,10,10,10,10,10,10.0
51203,9,6,6,7,7,7,7,6,6,6,7,6,6,5,5,5,7,8,7,6,6.45
51204,10,10,10,10,10,10,10,10,10,10,10,10,10,10,10,10,10,10,10,10,10.0
51205,4,4,3,3,3,3,3,3,3,3,4,5,5,5,5,4,4,4,4,4,3.8
51206,10,10,10,10,10,10,10,10,10,10,10,10,10,10,10,10,10,10,10,10,10.0
51207,9,10,10,9,9,9,9,9,9,8,9,9,9,9,9,9,9,9,8,8,8.95
51208,9,8,8,8,7,8,7,8,8,7,8,7,8,7,9,8,6,8,8,7,7.7
51209,4,5,4,4,5,5,5,5,5,5,5,5,5,5,5,5,5,5,5,5,4.85
51210,6,6,6,6,6,6,6,6,6,6,6,6,6,6,6,6,6,6,6,6,6.0
51211,10,10,10,10,10,10,10,10,10,10,10,10,10,10,10,10,10,10,10,10,10.0
51212,10,10,10,10,10,10,10,10,10,10,10,10,9,9,10,10,9,10,10,10,9.85
51213,6,6,6,6,6,6,6,6,6,6,6,6,6,6,6,6,6,6,6,6,6.0
51214,9,8,8,9,9,8,8,9,8,9,8,9,8,9,9,8,9,8,9,9,8.55
54802,10,10,10,10,10,10,10,10,10,10,10,10,10,10,10,10,10,10,10,10,10.0
54803,5,5,6,5,5,6,6,5,4,4,4,3,3,3,4,4,3,3,3,5,4.3
54804,6,6,6,6,6,6,6,6,6,6,6,6,6,6,6,6,6,6,6,6,6.0
54805,7,7,7,7,7,7,7,7,7,7,7,7,7,7,7,7,7,6,6,6,6.85
54806,7,9,5,9,7,8,9,7,9,8,9,10,7,9,9,9,8,9,8,9,8.25
54807,9,8,8,8,7,7,7,7,7,7,7,7,7,7,7,7,7,7,7,7,7.25
54808,10,10,10,10,10,10,10,10,10,10,10,10,10,10,10,10,10,10,10,10,10.0
54809,4,4,4,4,4,4,4,4,4,4,4,4,4,4,4,4,4,4,4,4,4.0
54810,7,8,8,6,8,9,6,9,7,8,9,9,9,8,9,6,9,7,8,9,7.95
54853,10,10,10,10,10,10,10,10,10,10,10,10,10,10,10,9,9,9,9,9,9.75
54854,10,10,9,10,10,10,10,10,10,10,10,10,10,10,10,10,10,10,10,10,9.95
54855,8,8,7,8,8,7,8,7,8,7,8,7,8,7,8,7,8,7,8,7,7.55
54856,9,9,9,10,10,9,9,1,9,9,8,10,9,10,10,10,8,10,10,10,8.95
54857,5,6,5,5,5,5,6,6,6,6,5,5,5,6,6,7,7,7,6,6,5.75
54858,9,9,9,9,9,9,9,9,9,9,9,9,9,9,9,9,9,9,9,9,9.0
54859,4,5,10,10,5,6,10,10,10,6,10,10,10,10,10,10,8,10,8,8,8.5
54860,9,8,9,9,9,9,9,9,9,9,9,9,9,9,10,9,9,9,10,9,9.05
54861,9,9,8,10,9,10,9,10,9,9,9,9,9,9,10,9,7,7,8,10,8.95
54862,10,10,10,10,10,10,10,10,10,10,10,10,10,10,10,10,10,10,10,10,10.0
54863,6,6,6,6,5,8,5,7,5,7,6,8,7,7,7,5,7,6,5,7,6.3
54864,6,6,6,6,6,6,6,6,6,6,6,6,6,6,6,6,6,6,6,6,6.0
54865,10,10,10,10,10,10,10,10,10,10,10,10,10,10,10,10,10,10,10,10,10.0
54866,8,8,8,8,8,8,8,8,8,8,8,8,8,8,8,8,8,8,8,8,8.0
54867,10,10,10,10,10,10,9,9,9,10,10,9,9,9,9,9,9,9,9,9,9.4
54868,10,10,10,10,10,10,10,10,10,10,10,10,10,10,10,10,10,10,10,10,10.0
54869,10,10,10,10,10,10,10,10,10,10,10,10,10,10,10,10,10,10,10,10,10.0
54870,10,10,10,9,9,9,8,8,8,7,7,6,7,7,7,8,8,8,9,10,8.25
54871,9,9,9,9,9,9,9,8,9,9,9,9,9,9,9,9,9,9,9,9,8.95
54872,8,9,8,9,8,8,8,9,9,8,8,9,8,9,8,8,8,8,9,8,8.35
54873,9,9,9,9,9,9,9,9,9,9,9,9,9,9,9,9,9,9,9,9,9.0
54920,7,7,6,7,7,10,8,7,10,7,7,7,8,10,8,10,8,10,8,7,7.95
54921,10,10,10,10,10,10,10,10,10,9,10,9,10,10,8,9,9,10,10,10,9.7
54922,10,10,10,10,10,10,10,10,10,10,10,10,10,10,10,10,10,10,10,10,10.0
54923,5,5,5,5,5,5,5,5,5,5,5,5,5,5,5,5,5,5,5,5,5.0
54924,9,9,9,9,9,9,9,9,9,9,9,9,9,9,9,9,9,9,9,9,9.0
54925,10,10,10,10,10,10,10,10,10,10,10,10,10,10,10,10,10,10,10,10,10.0
54926,9,9,9,9,9,9,9,9,9,9,9,9,9,9,9,9,9,9,9,9,9.0
54927,9,8,9,9,9,10,10,9,9,10,9,9,9,10,8,9,9,9,9,9,9.1
54928,4,3,2,1,2,3,4,3,2,1,2,3,4,3,1,2,3,4,3,2,2.6
54929,10,9,10,10,9,10,9,10,10,10,10,10,9,10,10,10,10,10,9,10,9.75
54930,5,5,5,5,5,5,5,5,5,5,5,5,5,5,5,5,5,5,5,5,5.0
54931,10,10,10,10,10,10,10,10,10,10,10,10,10,10,10,10,10,10,10,10,10.0
54932,9,10,8,9,6,10,8,8,10,9,9,9,7,9,8,8,8,9,10,10,8.7
54933,7,8,8,9,9,8,7,8,7,9,7,8,6,8,7,8,7,7,8,7,7.65
54934,10,10,9,10,8,7,6,5,7,7,10,9,9,8,9,9,8,4,7,8,8.0
54935,5,5,5,5,5,5,5,5,5,5,5,5,5,6,6,5,5,5,5,5,5.1
54936,9,9,9,8,8,8,8,9,8,9,8,9,8,9,9,9,9,9,9,9,8.65
54937,7,8,7,8,7,8,7,7,7,7,7,7,7,7,7,7,7,7,7,7,7.15
54938,8,9,8,8,9,8,8,9,9,7,7,9,8,9,8,7,8,8,7,8,8.1
54939,10,10,10,10,10,10,10,10,10,10,10,10,10,10,10,10,10,10,10,10,10.0
54940,10,10,10,10,10,10,10,10,10,10,10,10,10,10,10,10,10,10,10,10,10.0
54941,5,5,5,5,5,5,5,5,5,5,5,5,5,5,5,5,5,5,5,5,5.0
59450,10,10,9,10,9,10,10,9,9,8,8,6,9,10,9,10,9,10,10,10,9.25
59451,10,10,10,10,10,10,10,10,10,10,10,10,10,10,10,10,10,10,10,10,10.0
59452,10,9,8,8,9,10,9,10,8,9,9,10,9,8,9,10,9,8,9,10,9.05
59453,9,10,10,10,8,7,7,8,8,6,7,7,8,9,8,9,10,10,10,8,8.45
59454,6,6,6,5,5,6,5,5,5,6,6,6,7,7,7,7,7,7,7,7,6.15
59455,9,10,9,10,10,10,9,9,10,9,10,9,9,9,9,9,10,9,9,9,9.35
59456,9,10,10,10,9,10,9,9,10,9,9,9,9,10,10,9,10,10,10,9,9.5
59457,4,4,4,4,4,4,4,4,4,4,4,4,4,4,4,4,4,4,4,4,4.0
59458,8,8,8,8,8,8,8,8,8,8,8,8,8,8,8,8,8,8,8,8,8.0
59459,8,9,8,8,9,8,7,8,8,9,9,8,9,7,8,9,9,9,9,9,8.4
59460,7,7,7,7,7,7,7,7,7,7,7,7,7,7,7,7,7,7,7,7,7.0
59461,9,9,8,8,9,9,8,9,8,9,8,9,8,9,8,8,9,7,8,7,8.35
59462,10,10,10,10,10,10,10,10,10,10,10,10,10,10,10,10,10,10,10,10,10.0
59463,8,9,7,8,8,7,8,8,8,9,8,7,7,8,8,7,7,7,7,9,7.75
59464,2,2,1,3,2,3,3,3,3,2,3,3,3,1,3,3,2,3,2,3,2.5
59465,10,10,10,10,10,10,10,10,10,10,10,10,10,10,10,10,10,10,10,10,10.0
59466,10,9,10,10,9,10,10,10,9,9,9,9,9,9,9,10,9,10,9,9,9.4
59467,10,10,10,10,10,10,10,10,10,10,10,10,10,10,10,10,10,10,10,10,10.0
59468,5,3,7,4,5,4,5,5,6,4,7,3,6,5,6,7,6,5,7,6,5.3
59469,7,7,6,8,8,8,7,7,8,8,8,8,8,7,8,6,8,8,7,7,7.45
59470,3,4,3,3,3,2,3,4,3,3,2,4,3,3,4,2,3,2,1,2,2.85
59471,7,6,7,6,7,6,8,8,6,6,6,7,6,6,7,8,8,7,7,6,6.75
59512,9,9,9,9,9,9,9,9,9,9,9,9,9,9,9,9,9,9,9,9,9.0
59513,6,6,6,6,6,6,6,6,6,6,6,6,6,6,6,6,6,6,6,6,6.0
59514,9,9,8,9,10,8,8,8,8,9,9,9,8,8,9,8,8,9,8,9,8.55
59515,10,10,10,10,10,10,10,10,10,10,10,10,10,10,10,10,10,10,10,10,10.0
59516,9,9,9,9,10,9,9,8,9,9,9,9,9,9,9,9,9,9,9,9,9.0
59517,3,4,4,4,4,5,5,5,4,4,4,5,4,5,4,5,4,5,4,5,4.35
59518,4,4,3,3,3,3,3,2,2,3,2,4,5,4,4,3,4,2,3,3,3.2
59519,10,10,10,10,10,10,10,10,10,10,10,10,10,10,10,10,10,10,10,10,10.0
59520,1,1,2,2,2,2,2,1,1,1,2,2,2,1,3,4,4,4,4,4,2.25
59521,6,10,10,10,10,6,8,10,10,10,10,10,6,5,7,10,8,8,9,8,8.55
59522,6,6,7,5,6,5,6,6,7,5,6,5,6,5,6,5,6,5,7,6,5.8
59523,8,8,8,8,8,8,8,8,8,8,8,8,8,8,8,8,8,8,8,8,8.0
59524,10,5,10,5,10,7,8,7,10,7,10,10,8,8,9,8,8,8,8,8,8.2
59525,10,10,10,10,10,9,9,9,9,9,9,8,8,8,8,9,9,9,9,9,9.05
59526,9,9,9,9,9,9,9,9,9,9,9,9,9,9,9,10,10,10,10,10,9.25
59527,4,5,4,5,4,5,5,5,6,4,6,5,5,5,5,5,5,5,5,5,4.9
59528,10,10,10,10,10,10,10,10,10,10,10,10,10,10,10,10,10,10,10,10,10.0
59529,10,10,10,10,10,10,10,10,10,10,10,10,10,10,10,10,10,10,10,10,10.0
59530,10,10,10,10,10,10,10,10,10,10,10,10,10,10,10,10,10,10,10,10,10.0
59531,10,10,10,10,10,10,10,10,10,10,10,10,10,10,10,10,10,10,10,10,10.0
59532,9,9,8,9,9,9,8,8,9,9,9,10,9,9,9,9,9,9,9,9,8.9
65139,8,7,8,8,7,7,9,7,8,8,7,8,7,9,8,9,9,8,8,9,7.95
65140,2,2,3,2,3,2,3,2,3,2,3,2,3,2,3,2,3,2,3,2,2.45
65141,6,7,7,7,8,7,7,7,7,8,7,7,7,7,7,7,7,7,7,7,7.05
65142,4,4,4,6,6,6,6,6,6,6,6,7,9,7,7,7,7,7,7,7,6.25
65143,8,10,9,9,8,7,7,7,8,7,9,9,9,9,8,9,7,6,8,7,8.05
65144,8,9,9,9,7,9,8,9,8,7,8,8,9,8,9,8,9,8,9,7,8.3
65145,10,10,10,10,10,10,10,9,10,10,9,10,10,10,10,10,10,10,9,10,9.85
65146,10,9,10,8,9,9,8,9,9,10,9,10,9,9,10,9,8,10,9,10,9.2
65147,8,9,8,9,10,8,8,8,7,9,8,9,8,9,9,8,9,9,9,9,8.55
65148,9,9,9,9,9,9,9,9,9,9,9,9,9,9,9,9,9,9,9,9,9.0
65149,8,8,8,8,8,8,8,8,8,8,8,8,9,9,9,9,9,9,9,9,8.4
65150,9,9,8,8,9,8,8,9,9,8,8,9,9,8,8,9,8,8,9,8,8.45
65151,1,2,3,4,3,2,1,1,2,3,4,3,2,1,1,2,3,4,3,2,2.35
65152,6,10,10,9,9,9,9,9,9,9,9,9,9,9,9,10,9,9,8,8,8.9
65153,8,9,9,8,9,9,10,9,8,9,9,10,9,9,9,10,10,9,9,9,9.05
65154,6,7,6,5,5,5,5,6,8,7,7,7,6,5,5,5,5,5,5,5,5.75
65155,8,9,10,10,9,9,9,8,8,7,10,7,7,7,10,6,9,7,9,9,8.4
65156,5,5,5,5,5,5,5,5,5,5,5,5,5,5,5,5,5,5,5,5,5.0
65157,7,7,7,7,7,7,7,7,7,7,7,7,7,7,7,7,7,7,7,7,7.0
65158,10,10,10,10,10,10,10,10,10,10,10,10,10,10,10,10,10,10,10,10,10.0
65159,7,7,7,7,7,7,7,7,7,7,7,7,7,7,7,7,7,7,7,7,7.0
69882,10,10,10,10,10,10,10,10,10,10,10,10,10,10,10,10,10,10,10,10,10.0
69883,10,10,10,10,10,10,10,10,10,10,10,10,10,10,10,10,10,10,10,10,10.0
69884,10,10,10,10,10,10,10,10,10,10,10,10,10,10,10,10,10,10,10,10,10.0
69885,7,7,7,7,7,7,7,7,7,7,7,7,7,7,7,7,7,7,7,7,7.0
69886,10,10,10,10,10,10,10,10,10,10,10,10,10,10,10,10,10,10,10,10,10.0
69887,10,10,10,10,10,10,10,10,10,10,10,10,10,10,10,10,10,10,10,10,10.0
69888,10,10,10,10,10,9,10,8,10,10,10,9,9,9,9,9,9,10,9,10,9.5
69889,8,7,7,7,7,7,6,5,4,4,4,7,8,9,9,8,7,6,5,5,6.5
69890,7,7,6,6,7,6,6,7,7,7,6,6,7,6,6,7,6,8,8,6,6.6
69891,10,10,10,10,10,10,10,10,10,10,10,10,10,10,10,10,10,10,10,10,10.0
69892,10,10,10,10,10,10,10,10,10,10,10,10,10,10,10,10,10,10,10,10,10.0
69893,7,7,7,7,7,7,7,7,7,7,7,7,7,7,7,7,7,7,7,7,7.0
69894,9,9,10,9,10,9,9,9,9,9,9,9,9,9,9,8,9,9,9,9,9.05
69895,10,10,10,10,10,10,10,10,10,10,10,10,10,10,10,10,10,10,10,10,10.0
69896,4,4,4,4,4,4,4,4,4,4,4,4,4,4,4,4,4,4,4,4,4.0
69897,7,7,7,7,7,8,8,7,7,7,7,7,7,7,7,7,7,7,7,7,7.1
69898,10,10,10,10,10,10,10,10,10,10,10,10,10,10,10,10,10,10,10,10,10.0
69899,5,5,5,5,5,5,5,5,5,5,5,5,5,5,5,5,5,5,5,5,5.0
69900,7,7,7,7,7,7,7,7,7,7,7,7,7,7,7,7,7,7,7,7,7.0
69901,3,3,3,3,4,4,3,2,1,1,1,2,2,2,2,1,3,3,3,2,2.4
69902,10,10,10,10,10,10,10,10,10,10,10,10,10,10,10,10,10,10,10,10,10.0
69903,9,7,7,7,4,4,5,5,6,5,5,7,5,6,5,5,6,5,5,6,5.7
70063,7,7,8,9,8,8,8,8,8,8,8,9,8,8,8,8,9,8,8,9,8.1
70064,8,8,8,8,8,8,8,8,8,8,8,8,8,8,8,8,8,8,8,8,8.0
70065,6,6,6,6,6,5,5,5,5,5,6,6,6,6,6,6,5,5,5,6,5.6
70066,10,10,10,10,10,10,10,10,10,10,10,10,10,10,10,10,10,10,10,10,10.0
70067,3,3,3,4,4,3,3,3,4,3,2,2,2,3,3,3,2,2,4,4,3.0
70068,9,9,9,9,10,9,9,9,9,9,9,9,9,9,9,9,8,9,8,8,8.9
70069,9,9,9,10,9,9,9,9,10,9,9,9,9,9,10,9,9,9,9,9,9.15
70070,8,8,9,8,9,8,9,9,9,1,9,8,8,8,9,9,8,9,9,8,8.15
70071,10,10,10,10,10,10,10,10,10,10,10,10,10,10,10,10,10,10,10,10,10.0
70072,7,7,7,7,7,7,7,7,7,7,7,7,7,7,7,7,7,7,7,7,7.0
70073,9,9,8,8,8,9,8,7,7,9,8,8,9,9,9,9,9,9,9,9,8.5
70074,10,9,8,9,9,9,9,8,9,9,8,9,8,9,9,8,9,9,9,9,8.8
70075,10,10,10,10,10,10,10,10,10,10,10,10,10,10,10,10,10,10,10,10,10.0
70076,10,10,10,10,10,10,10,10,10,10,10,10,10,10,10,10,10,10,10,10,10.0
70077,1,10,10,8,8,8,8,7,7,8,8,8,8,8,8,8,8,8,9,10,7.9
70078,6,6,7,6,7,6,8,7,7,6,8,7,6,6,6,7,6,6,5,6,6.45
70079,7,7,7,8,8,8,8,8,8,7,9,8,8,9,8,8,8,8,8,8,7.9
70080,2,3,3,3,3,2,2,2,2,4,4,3,4,3,4,3,4,3,4,3,3.05
70081,10,10,10,10,10,10,10,10,10,10,10,10,10,10,10,10,10,10,10,10,10.0
70082,5,6,6,7,6,7,5,6,6,5,6,5,5,5,6,7,5,6,7,8,5.95
70083,7,7,7,7,7,7,7,8,8,8,8,8,8,8,8,8,7,8,7,7,7.5
70084,9,10,10,9,9,10,9,9,10,9,9,8,10,10,10,10,10,10,10,9,9.5
70085,8,7,7,6,8,7,8,9,8,7,4,6,7,6,5,6,4,7,6,4,6.5
70086,10,10,10,10,10,10,10,10,10,10,10,10,10,10,10,10,10,10,10,10,10.0
70087,9,9,8,8,9,8,5,9,9,8,7,10,8,8,8,9,9,9,9,9,8.4
70088,5,4,5,5,6,6,6,5,5,5,5,5,5,5,3,4,3,4,4,4,4.7
70089,10,9,9,10,10,9,9,9,10,9,9,9,9,10,10,9,10,10,9,10,9.45
70090,5,5,5,4,5,4,5,4,5,4,4,4,4,5,5,4,5,5,4,4,4.5
70091,10,5,10,8,7,7,10,5,7,4,10,6,8,10,9,10,9,10,10,9,8.2
70092,10,10,10,10,10,10,10,10,10,10,10,10,10,10,10,10,10,10,10,10,10.0
70093,2,3,3,3,2,3,2,4,3,3,4,3,3,3,4,2,3,2,3,2,2.85
70094,5,5,5,5,5,5,5,5,5,5,5,5,5,5,5,5,5,5,5,5,5.0
70095,9,9,8,9,9,9,8,8,8,9,9,9,8,9,8,8,9,8,9,8,8.55
70096,9,10,10,10,8,7,8,7,7,6,7,7,8,9,9,9,10,10,10,8,8.45
70097,8,8,8,9,9,9,8,8,7,8,9,10,9,8,8,7,9,9,9,10,8.5
70098,10,9,10,10,9,9,10,9,9,8,9,8,9,9,9,10,9,9,9,9,9.15
70099,9,9,8,9,8,8,9,9,8,8,9,8,8,8,8,8,8,8,8,9,8.35
70100,10,9,9,8,9,8,9,8,9,8,9,8,9,8,9,8,9,8,9,8,8.6
70101,10,10,10,10,10,10,10,10,10,10,10,10,10,10,10,10,10,10,10,10,10.0
70102,10,10,10,10,10,10,10,10,10,10,10,10,10,10,10,10,10,10,10,10,10.0
70103,10,10,10,10,10,10,10,10,10,10,10,10,10,10,10,10,10,10,10,10,10.0
70104,1,2,3,2,2,3,2,2,2,3,3,2,3,2,2,2,2,2,2,2,2.2
74711,3,5,4,5,3,3,3,3,3,3,5,3,4,5,5,3,2,4,4,4,3.7
74712,10,10,10,10,10,8,10,10,10,7,10,9,9,10,9,8,9,10,10,10,9.45
74713,6,4,4,4,6,5,4,6,3,2,4,5,2,4,7,5,7,9,3,5,4.75
74714,5,5,5,5,5,5,5,5,5,5,5,5,5,5,7,6,7,6,7,6,5.45
74715,10,10,10,10,8,8,8,10,10,10,10,10,6,6,10,10,6,8,10,8,8.9
74716,3,4,2,2,2,2,2,3,1,6,1,1,2,2,1,2,1,5,1,1,2.2
74717,3,4,4,5,4,3,5,4,4,5,5,4,6,4,4,6,4,6,4,5,4.45
74718,10,10,10,10,10,10,10,10,10,10,10,10,10,10,10,10,10,10,10,10,10.0
74719,5,6,5,6,5,6,4,4,5,4,5,5,5,6,5,5,5,5,5,5,5.05
74720,9,9,8,8,8,8,9,7,9,7,7,8,8,8,8,9,8,8,8,8,8.1
74721,10,8,9,8,8,9,9,8,9,9,9,9,9,8,9,8,9,9,8,9,8.7
74722,5,5,5,5,5,5,5,5,5,5,5,5,5,5,5,5,5,5,5,5,5.0
74723,10,10,7,7,7,7,7,7,7,10,9,8,9,8,8,8,9,9,9,8,8.2
74724,9,9,9,9,9,9,8,8,8,8,9,9,9,8,8,8,8,8,8,8,8.45
74725,7,7,8,7,8,7,7,7,8,8,8,8,8,7,8,8,9,8,9,7,7.7
74726,6,7,6,6,6,6,6,5,5,6,5,6,7,7,6,6,7,5,6,7,6.05
74727,8,8,8,8,8,8,8,8,8,8,8,8,8,8,8,8,8,8,8,8,8.0
74728,6,8,8,8,8,8,8,8,8,8,8,6,8,8,8,8,8,8,8,8,7.8
74729,6,6,6,6,6,6,6,6,6,6,6,6,6,6,6,6,6,6,6,6,6.0
74730,9,9,9,9,9,9,8,9,10,9,9,8,9,8,9,9,10,10,9,10,9.05
74731,10,10,10,10,10,10,10,10,10,10,10,10,10,10,10,10,10,10,10,10,10.0
99005,6,6,6,6,6,6,6,6,6,6,6,6,6,6,6,6,6,7,7,7,6.15
99006,10,10,10,10,10,10,10,10,10,10,10,10,10,10,10,10,10,10,10,10,10.0
99007,7,8,7,8,8,8,8,8,8,9,9,9,9,8,9,8,9,9,9,9,8.35
99008,9,9,9,9,9,9,9,9,9,9,9,9,9,9,9,9,9,9,9,9,9.0
99009,5,6,4,7,6,7,7,5,7,6,9,8,9,8,9,9,6,7,6,6,6.85
99010,8,8,8,8,8,8,8,8,8,8,8,8,8,8,8,8,8,8,8,8,8.0
99011,8,9,8,8,9,8,10,10,8,8,8,8,9,8,8,8,9,8,8,8,8.4
99012,8,9,9,9,10,8,9,9,9,9,9,9,9,9,9,9,9,9,9,9,8.95
99013,10,10,10,10,10,9,9,10,10,10,10,10,10,10,10,10,10,10,10,10,9.9
99014,5,5,5,7,7,7,8,8,8,5,8,8,8,8,8,6,6,6,7,8,6.9
99015,10,10,10,9,9,9,9,9,8,9,9,9,9,9,9,9,9,9,9,9,9.1
99016,10,10,10,10,10,10,10,10,10,10,10,10,10,10,10,10,10,10,10,10,10.0
99017,9,9,9,9,9,9,9,10,10,10,10,10,10,9,9,9,9,9,9,9,9.3
99018,8,7,8,7,8,7,8,7,9,7,8,7,8,7,8,8,8,8,7,8,7.65
99019,10,10,10,10,10,10,10,10,10,10,10,10,10,10,10,10,10,10,10,10,10.0
99020,3,2,3,2,3,2,1,1,2,3,3,4,4,5,5,4,5,4,5,4,3.25
99021,9,9,9,9,9,9,8,9,9,9,9,8,9,9,7,9,9,10,9,9,8.85
99022,7,7,7,7,7,7,7,7,7,7,7,7,7,7,7,7,7,7,7,7,7.0
99023,10,10,10,10,10,10,10,10,10,10,10,10,10,10,10,10,10,10,10,10,10.0
99024,6,7,7,8,7,8,7,7,8,9,8,8,8,8,8,8,8,7,7,8,7.6
99025,10,10,10,10,10,10,10,10,10,10,10,10,10,10,10,10,10,10,10,10,10.0
99026,7,7,6,8,6,6,5,7,8,7,7,8,8,7,7,8,7,7,8,8,7.1
99027,9,1,1,5,1,1,1,5,5,1,10,5,5,5,5,5,5,1,1,5,3.85
99028,7,9,8,8,7,6,8,8,8,8,8,6,8,7,7,7,8,8,8,7,7.55
99029,5,6,6,5,6,4,5,5,6,4,5,5,4,5,5,4,6,6,5,6,5.15
99030,7,7,7,6,7,8,7,5,7,4,5,4,5,7,6,6,7,8,6,4,6.15
99031,3,4,5,4,5,4,6,6,7,7,7,8,8,9,8,9,8,9,9,8,6.7
99032,8,8,7,8,8,8,8,8,7,8,7,7,7,7,8,8,7,7,8,7,7.55
99033,8,7,7,7,7,8,8,8,7,8,8,7,7,8,8,7,8,7,7,8,7.5
99034,8,7,7,7,7,7,6,8,8,7,8,7,8,6,8,7,7,7,7,9,7.3
99035,10,10,10,10,9,9,10,10,10,10,9,9,8,8,9,10,10,10,10,10,9.55
99036,5,5,5,5,5,5,5,5,5,5,5,5,5,5,5,5,5,5,5,5,5.0
99037,9,9,9,9,9,10,9,9,9,9,9,9,9,9,9,9,9,9,9,9,9.05
99038,9,9,9,9,10,10,10,10,10,10,10,10,9,9,9,9,9,9,9,9,9.4
99039,10,7,10,10,7,10,10,10,10,10,10,10,10,10,10,8,10,10,10,10,9.6
99040,7,8,9,9,9,10,10,9,9,9,9,9,9,9,9,9,9,9,9,9,8.95
99041,7,7,6,8,7,7,5,7,7,7,7,8,9,6,6,6,6,6,6,6,6.7
99042,9,9,9,9,9,9,9,9,9,9,9,9,9,9,9,9,9,9,9,9,9.0
99043,10,10,10,10,10,10,10,10,10,10,10,10,10,10,10,10,10,10,10,10,10.0
99044,6,6,6,6,6,6,6,6,6,6,6,6,6,6,6,6,6,6,6,6,6.0
99045,10,10,10,10,10,10,10,10,10,10,10,10,10,10,10,10,10,10,10,10,10.0
99046,7,7,6,7,6,7,6,7,7,7,7,7,7,7,7,7,7,7,7,7,6.85
99047,10,10,10,10,10,10,10,10,10,10,10,10,10,10,10,10,10,10,10,10,10.0
99048,6,7,6,7,6,7,5,6,6,6,7,6,8,6,8,7,7,7,7,7,6.6
99049,9,9,8,7,7,8,7,8,7,8,7,8,7,7,7,7,8,7,8,7,7.55
99050,7,7,6,7,8,7,8,7,8,7,7,7,7,8,7,6,7,8,7,7,7.15
99051,9,9,9,9,9,9,9,9,9,9,9,9,9,9,9,9,9,9,9,9,9.0
99052,9,8,8,7,8,8,8,8,8,7,7,8,7,9,9,9,9,9,9,9,8.2
99053,6,7,8,9,10,9,8,7,6,5,4,5,6,7,8,9,10,9,8,7,7.4
99054,10,10,10,10,10,10,10,10,10,10,10,10,10,10,10,10,10,10,10,10,10.0
99055,10,10,10,10,10,10,10,10,10,10,10,10,10,10,10,10,10,10,10,10,10.0
99056,8,8,8,8,8,8,8,8,8,8,8,8,8,8,8,8,8,8,8,8,8.0
99057,10,10,10,10,10,10,10,10,10,9,10,10,10,10,10,10,10,10,10,10,9.95
99058,9,9,9,9,9,9,9,9,9,9,9,9,9,9,9,9,9,9,9,9,9.0
99059,10,10,10,10,10,10,10,10,10,10,10,10,10,10,10,10,10,10,10,10,10.0
99060,7,7,7,8,7,8,7,8,7,8,7,8,7,8,7,8,6,7,7,6,7.25
99061,8,8,8,7,9,7,8,8,8,8,8,9,8,8,8,8,7,8,8,8,7.95
99062,10,10,10,10,10,10,10,10,10,10,10,10,10,10,10,10,10,10,10,10,10.0
99063,10,7,9,6,8,7,6,8,8,6,8,8,8,7,9,9,7,6,9,7,7.65
99064,9,9,9,9,9,9,9,9,9,9,9,9,9,9,9,9,9,9,9,9,9.0
99065,5,5,5,3,3,4,3,4,2,3,2,3,3,2,2,2,2,3,3,5,3.2
99066,5,5,5,5,5,5,5,8,6,5,5,5,5,5,5,5,5,5,5,5,5.2
99067,7,8,7,7,9,9,9,9,6,9,9,8,8,9,10,9,10,9,8,9,8.45
99068,9,9,9,9,9,9,9,9,9,9,9,9,9,9,9,9,9,9,9,9,9.0
99069,10,10,10,10,10,10,10,10,10,10,10,10,10,10,10,10,10,10,10,10,10.0
99070,10,10,10,10,10,10,10,10,10,10,10,10,10,10,10,10,10,10,10,10,10.0
99071,7,7,7,7,7,7,7,7,7,7,7,6,6,6,6,6,5,5,5,5,6.35
99072,10,9,9,9,9,9,10,9,9,10,9,10,10,10,10,10,10,9,10,10,9.55
99073,6,5,7,5,5,7,7,6,8,5,8,6,6,5,5,5,5,5,5,5,5.8
99074,10,9,9,9,9,9,8,9,9,9,9,9,9,9,9,9,9,9,9,9,9.0
99075,5,5,5,5,5,5,5,5,5,5,5,5,5,5,5,5,5,5,5,5,5.0
99076,4,4,4,4,4,4,4,4,4,4,4,4,4,5,5,4,4,4,4,4,4.1
99077,9,7,8,9,7,8,8,8,7,8,9,8,7,8,7,7,8,8,7,9,7.85
99078,7,7,7,8,7,7,7,7,6,7,8,7,9,9,8,7,7,7,7,7,7.3
99079,2,2,2,2,2,2,2,2,2,2,2,2,2,2,2,2,2,2,2,2,2.0
99080,10,10,10,10,10,10,10,10,10,10,10,9,9,10,9,10,10,9,9,10,9.75
107513,10,10,10,10,10,10,10,10,10,10,10,10,10,10,10,10,10,10,10,10,10.0
107514,9,9,9,9,9,9,9,10,10,9,9,9,9,9,9,8,8,8,8,8,8.85
107515,10,10,10,10,10,10,10,10,10,10,10,10,10,10,10,10,10,10,10,10,10.0
107516,5,5,5,5,8,6,9,6,8,5,7,6,7,7,7,7,7,7,8,7,6.6
107517,9,9,9,9,9,9,9,9,9,9,9,9,9,9,9,9,9,9,9,9,9.0
107518,9,10,10,10,9,9,9,9,10,10,10,10,9,9,9,9,9,9,9,9,9.35
107519,9,9,9,8,9,8,7,9,7,7,8,7,8,7,8,9,10,8,9,9,8.25
107520,3,4,4,4,4,3,2,3,5,5,4,5,2,2,4,3,3,3,2,2,3.35
107521,7,7,7,8,6,8,6,7,8,6,7,6,8,8,8,8,7,7,7,8,7.2
107522,8,7,8,6,7,6,7,5,6,7,7,6,6,7,7,6,7,6,5,4,6.4
107523,9,9,9,9,9,9,9,9,9,9,9,9,9,9,9,9,9,9,9,9,9.0
107524,10,10,10,10,10,10,10,10,10,10,10,10,10,10,10,10,10,10,10,10,10.0
107525,8,9,10,9,8,10,10,10,10,9,10,8,9,10,10,9,10,10,10,9,9.4
107526,10,9,9,9,10,9,10,10,9,9,9,9,10,9,9,9,9,9,10,10,9.35
107527,5,5,4,5,4,5,4,5,4,5,4,5,4,5,4,5,4,5,4,5,4.55
107528,10,9,9,10,9,10,10,10,9,10,9,9,10,9,9,9,9,10,9,10,9.45
107529,8,8,8,8,8,8,8,8,8,8,8,8,8,8,8,8,8,8,8,8,8.0
107530,7,7,7,7,6,6,6,6,6,6,6,6,6,6,6,6,6,6,6,6,6.2
107531,10,10,10,10,10,10,10,10,10,10,10,10,10,10,10,10,10,10,10,10,10.0
107532,10,10,10,10,10,10,10,10,10,10,10,10,10,10,10,10,10,10,10,10,10.0
107533,10,10,10,10,10,10,10,10,10,10,10,10,10,10,10,10,10,10,10,10,10.0
107534,8,7,7,7,8,8,8,8,9,8,9,8,9,8,9,9,8,8,8,8,8.1
107535,7,6,7,7,6,6,7,6,6,5,6,7,7,7,8,7,8,8,8,8,6.85
107536,10,9,10,10,10,10,10,10,10,9,10,9,9,9,10,10,9,10,10,10,9.7
107537,10,10,10,10,10,10,10,10,10,10,10,10,10,10,10,10,10,10,10,10,10.0
107538,8,8,8,9,8,9,9,8,9,9,8,9,9,9,9,9,8,9,8,9,8.6
107539,6,6,6,6,6,6,6,6,6,6,6,6,6,6,6,6,6,6,6,6,6.0
107540,6,7,5,6,7,6,6,8,7,8,6,7,7,6,7,6,8,8,8,6,6.75
107541,10,10,9,8,8,8,8,8,8,8,8,8,8,9,10,9,10,9,8,8,8.6
107542,6,6,6,6,6,6,6,6,6,6,6,6,6,6,6,6,6,6,6,6,6.0
107543,6,7,6,6,6,6,7,7,7,7,6,6,6,6,7,6,7,6,7,6,6.4
107544,10,10,10,10,10,10,10,10,10,10,10,10,10,10,10,10,10,10,10,10,10.0
107545,10,10,10,10,10,10,10,10,10,10,10,10,10,10,10,10,10,10,10,10,10.0
107546,5,5,5,5,5,5,5,5,5,5,5,5,5,5,5,5,5,5,5,5,5.0
107547,7,6,6,7,6,7,8,7,7,7,8,7,7,8,7,8,7,7,8,7,7.1
107548,10,10,10,10,10,10,10,10,10,10,10,10,10,10,10,10,10,10,10,10,10.0
107549,7,8,7,6,8,8,7,8,7,8,6,7,7,7,6,8,8,8,8,8,7.35
107550,3,3,4,4,4,5,5,5,5,5,6,6,5,6,6,6,6,6,6,6,5.1
107551,7,8,8,8,8,8,8,8,9,6,8,8,7,8,8,8,8,8,8,8,7.85
107552,9,9,9,9,10,9,10,9,9,9,10,9,9,9,9,9,10,9,9,9,9.2
107553,9,9,9,9,10,9,8,9,10,9,8,8,9,10,9,9,9,10,9,8,9.0
107554,6,7,5,6,7,6,6,7,7,6,7,6,7,7,7,7,7,7,7,7,6.6
107555,10,10,10,10,10,10,10,10,10,10,10,10,10,10,10,10,10,10,10,10,10.0
107556,9,10,9,8,9,8,7,8,9,8,8,8,8,7,7,7,7,8,7,8,8.0
107557,10,10,10,9,10,9,10,10,10,10,8,10,10,10,10,10,10,10,10,10,9.8
107558,10,10,10,10,10,10,10,10,10,10,10,10,10,10,10,10,10,10,10,10,10.0
107559,9,10,9,9,10,9,9,9,8,9,9,9,9,9,9,9,9,9,9,9,9.05
107560,4,4,3,3,3,3,3,3,3,3,3,3,3,3,3,3,3,3,3,3,3.1
107561,10,10,10,10,10,10,10,10,10,10,10,10,10,10,10,10,10,10,10,10,10.0
107562,6,6,7,8,8,9,8,8,8,7,8,8,8,8,8,8,8,8,9,9,7.85
107563,10,10,10,10,10,10,10,10,10,10,10,10,10,10,10,10,10,10,10,10,10.0
107564,1,1,1,1,1,1,1,3,3,3,3,3,3,3,3,3,3,3,3,3,2.3
107565,6,6,6,4,6,6,6,5,6,7,5,5,5,6,7,5,5,5,5,5,5.55
107566,4,4,4,4,4,4,4,4,4,4,4,4,4,4,4,4,4,4,4,4,4.0
107567,7,8,7,7,7,8,8,8,8,8,7,8,7,8,7,8,8,7,7,7,7.5
107568,6,6,8,10,10,9,10,10,10,1,9,9,9,9,10,8,10,10,10,8,8.6
107569,9,9,9,9,8,7,6,5,4,3,3,3,4,5,6,7,8,9,8,7,6.45
107570,8,8,8,9,9,8,9,8,8,8,9,9,9,8,8,8,9,8,8,8,8.35
107571,9,10,9,10,9,8,9,10,9,8,9,10,9,8,9,10,9,8,9,9,9.05
107572,8,8,8,8,8,8,8,8,8,8,8,8,8,8,8,8,8,8,8,8,8.0
107573,8,8,9,8,8,6,6,5,8,5,9,9,9,8,8,9,8,8,8,7,7.7
107574,7,5,6,5,6,6,5,6,5,6,5,5,6,5,5,5,5,6,5,5,5.45
107575,6,5,5,6,5,6,5,5,5,6,5,5,5,5,6,5,5,5,6,6,5.35
107576,10,10,10,10,10,10,10,10,10,10,10,10,10,10,10,10,10,10,10,10,10.0
107577,8,8,9,9,10,9,9,9,9,9,8,9,9,9,9,9,9,9,9,9,8.9
107578,4,4,4,4,4,4,4,4,4,4,4,4,4,4,4,4,4,4,4,4,4.0
107579,10,10,10,10,10,10,10,10,10,10,10,10,10,10,10,10,10,10,10,10,10.0
107580,5,4,5,4,5,4,5,4,5,4,5,4,5,5,4,5,4,5,4,5,4.55
107581,9,9,9,9,9,9,9,9,9,9,9,10,9,10,9,9,9,9,9,9,9.1
107582,10,9,10,9,10,9,9,10,9,10,9,10,9,10,9,10,10,9,9,9,9.45
107583,6,6,6,6,6,6,6,6,6,6,6,6,6,6,6,6,6,6,6,6,6.0
107584,2,4,4,4,6,5,5,6,5,6,3,7,7,7,8,4,3,1,3,5,4.75
107585,2,1,1,2,2,2,2,2,2,2,3,2,2,3,2,3,2,4,3,2,2.2
107586,7,8,7,8,7,8,7,8,7,8,7,8,7,8,7,8,7,8,7,8,7.5
107587,10,10,10,10,10,10,10,10,10,10,10,10,10,10,10,10,10,10,10,10,10.0
107588,10,10,10,10,10,10,10,10,10,10,10,10,10,10,10,10,10,10,10,10,10.0
107589,2,2,2,2,2,2,2,2,2,2,2,2,2,2,2,2,2,2,2,2,2.0
107590,5,5,5,5,5,5,5,5,6,5,5,6,6,6,6,6,5,5,5,5,5.3
107591,8,9,10,9,8,9,10,9,8,9,10,9,8,7,6,7,8,9,9,9,8.55
107592,7,7,7,7,7,7,7,8,8,8,8,8,8,7,7,7,8,8,8,8,7.5
107593,10,10,10,10,10,10,10,10,10,10,10,10,10,10,10,10,10,10,10,10,10.0
107594,10,10,10,10,10,10,10,10,10,10,10,10,10,10,10,10,10,10,10,10,10.0
107595,7,7,7,7,7,7,7,7,7,7,7,7,7,7,7,7,7,7,7,7,7.0
107596,10,4,7,9,9,8,10,9,9,4,8,8,7,10,8,9,9,10,10,7,8.25
107597,7,6,7,6,7,7,7,7,7,8,7,7,7,7,7,7,8,8,8,7,7.1
107598,8,8,8,7,7,7,8,8,8,8,7,7,7,7,7,8,8,8,9,10,7.75
107599,4,4,4,5,4,5,4,4,5,4,4,4,4,3,3,3,3,4,3,3,3.85
107600,9,8,8,7,8,8,9,8,8,7,8,8,8,9,9,8,8,7,8,8,8.05
107601,8,8,8,8,8,8,8,8,8,8,8,8,8,8,8,8,8,8,8,8,8.0
107602,9,9,9,9,9,9,9,9,10,9,10,9,10,10,10,10,10,9,10,10,9.45
107603,8,8,8,7,8,9,8,8,8,8,8,8,8,8,8,8,8,8,9,8,8.05
107604,8,8,8,8,8,8,8,8,8,8,8,8,8,8,8,8,8,8,8,8,8.0
107605,10,10,10,10,10,10,10,10,10,10,10,10,10,10,10,10,10,10,10,10,10.0
107606,5,5,6,5,6,5,6,5,6,5,5,5,5,5,5,4,5,5,5,5,5.15
107607,10,10,10,10,10,10,10,10,10,10,9,9,8,10,10,10,10,10,10,10,9.8
107608,9,9,9,9,9,9,8,8,8,8,8,8,8,8,8,8,8,8,8,8,8.3
107609,7,6,5,6,5,6,5,6,5,6,7,6,5,6,7,6,5,6,7,6,5.9
107610,10,9,8,9,9,9,9,10,10,10,9,9,9,9,10,10,10,10,10,10,9.45
107611,10,10,10,10,10,10,10,10,10,10,10,10,10,10,10,10,10,10,10,10,10.0
107612,10,10,10,10,10,10,10,10,10,10,10,10,10,10,10,10,10,10,10,10,10.0
107613,6,6,7,7,7,7,7,7,7,7,7,7,7,7,7,7,7,7,7,7,6.9
107614,9,9,9,9,9,9,9,10,9,9,9,9,9,9,10,9,9,9,9,9,9.1
107615,8,8,8,8,8,8,8,8,8,8,8,8,8,8,8,8,8,8,8,8,8.0
107616,9,9,9,9,9,9,9,9,9,9,9,9,9,9,9,9,9,9,9,9,9.0
107617,10,10,10,10,10,10,10,10,10,10,10,10,10,10,10,10,10,10,10,10,10.0
107618,10,10,10,10,10,10,10,10,10,10,10,10,10,10,10,10,10,10,10,10,10.0
107619,8,9,9,8,8,6,8,9,9,8,8,8,7,6,9,9,7,8,7,8,7.95
107620,6,6,4,4,4,4,4,2,4,3,3,2,3,3,2,3,2,3,3,2,3.35
107621,2,2,3,2,3,3,3,3,3,3,2,3,3,2,3,2,3,2,3,2,2.6
107622,10,10,10,10,10,10,10,10,10,10,10,10,10,10,10,10,10,10,10,10,10.0
110905,3,4,4,4,3,4,4,4,4,4,4,5,3,4,3,4,3,4,4,5,3.85
110906,7,9,7,8,8,7,7,7,8,7,7,7,8,7,6,7,7,7,8,7,7.3
110907,8,8,8,8,8,8,8,8,8,8,8,8,8,8,8,8,8,8,8,8,8.0
110908,9,9,9,9,9,9,9,9,9,9,9,9,9,9,9,9,9,9,9,9,9.0
110909,8,8,9,8,9,8,9,8,9,8,9,8,9,8,8,9,8,9,8,9,8.45
110910,10,10,10,10,10,10,10,10,10,10,10,10,10,10,10,10,10,10,10,10,10.0
110911,10,10,10,10,10,10,10,10,10,10,10,10,10,10,10,10,10,10,10,10,10.0
110912,8,7,7,7,7,7,7,7,7,7,8,8,8,8,8,7,7,7,7,7,7.3
110913,5,5,5,5,5,5,5,5,5,5,5,5,5,5,5,5,5,5,5,5,5.0
110914,5,5,5,5,5,5,5,5,5,5,5,5,5,5,5,5,5,5,5,5,5.0
110915,5,5,4,5,5,5,5,4,4,4,4,4,4,4,4,4,5,4,3,4,4.3
110916,7,7,7,6,6,6,6,6,6,6,6,6,6,6,6,4,6,3,4,5,5.75
110917,10,9,9,9,9,8,8,8,8,8,8,10,10,10,10,10,10,10,10,10,9.2
110918,2,3,3,2,2,2,3,2,3,2,3,2,3,2,3,2,3,3,3,3,2.55
110919,6,6,6,6,6,6,6,6,6,6,6,6,6,6,6,6,6,6,6,6,6.0
110920,10,10,10,10,10,10,10,10,10,10,10,10,10,10,10,10,10,9,10,9,9.9
110921,2,2,1,3,3,3,3,3,3,3,3,3,3,3,3,2,2,2,2,2,2.55
110922,5,5,5,5,5,5,5,5,5,5,5,5,5,5,5,5,5,5,5,5,5.0
110923,10,9,10,10,9,9,10,10,9,10,9,9,9,8,9,10,9,9,9,9,9.3
110924,10,10,10,10,10,10,10,10,10,10,10,10,10,10,10,10,10,10,10,10,10.0
110925,10,9,10,10,10,10,10,10,10,9,9,10,10,9,10,10,10,10,9,9,9.7
110926,8,8,8,7,7,7,7,7,7,7,7,7,7,7,7,7,7,6,7,8,7.15
110927,10,10,10,10,10,10,10,10,10,10,10,10,9,9,9,9,9,9,9,9,9.6
110928,10,10,10,10,9,7,8,9,6,10,8,8,7,9,9,8,9,9,8,9,8.65
110929,8,8,8,7,7,7,7,7,6,8,7,6,7,7,8,8,6,8,8,7,7.25
110930,7,6,6,7,6,7,6,6,6,7,6,7,6,7,7,6,7,6,7,6,6.45
110931,8,8,8,8,8,8,8,8,6,8,8,8,8,8,8,10,6,10,8,7,7.95
110932,10,10,10,10,10,10,10,10,10,10,10,10,10,10,10,10,10,10,10,10,10.0
110933,10,10,10,10,10,10,10,10,10,10,10,10,10,10,10,10,10,10,10,10,10.0
110934,10,10,10,10,10,10,10,10,10,10,10,10,10,10,10,10,10,10,10,10,10.0
110935,9,8,9,8,9,10,10,10,7,10,10,7,10,7,8,9,10,7,8,9,8.75
110936,10,1,1,10,10,10,10,1,10,10,1,10,10,10,10,10,1,10,10,10,7.75
110937,6,6,6,6,6,6,6,6,6,6,6,6,6,6,6,6,6,6,6,6,6.0
110938,10,10,10,10,9,10,10,10,10,10,10,10,10,10,10,10,10,9,10,10,9.9
110939,5,5,5,5,6,6,5,6,5,6,6,5,6,5,6,5,6,6,6,6,5.55
110940,10,10,10,10,10,10,10,10,10,10,10,10,10,10,10,10,10,10,10,10,10.0
110941,8,7,7,7,7,7,7,7,6,6,7,7,7,7,8,8,7,7,7,8,7.1
110942,7,6,7,6,7,6,7,6,6,6,6,7,7,7,7,7,7,7,8,8,6.75
148073,10,10,10,10,10,10,10,10,10,10,10,10,10,10,10,10,10,10,10,10,10.0
148074,9,9,9,9,9,8,9,8,8,8,9,9,9,9,9,9,9,9,9,9,8.8
148075,8,8,9,8,9,8,8,8,8,9,8,9,8,8,8,8,8,8,9,9,8.3
148076,10,10,10,10,10,10,10,10,10,10,10,10,10,10,10,10,10,10,10,10,10.0
148077,7,8,8,7,7,7,6,7,6,8,9,8,7,6,6,6,6,7,9,8,7.15
148078,8,8,8,8,8,8,8,8,8,8,8,8,8,8,8,8,8,8,8,8,8.0
148079,10,10,10,10,10,9,9,9,9,9,9,9,9,9,9,9,9,9,9,9,9.25
148080,5,7,3,9,7,7,9,7,7,9,9,8,9,9,10,9,9,8,10,8,7.95
148081,9,10,10,10,10,10,10,9,10,10,10,10,10,10,10,10,10,10,10,10,9.9
148082,9,10,10,10,10,10,10,10,10,10,10,10,10,10,10,10,10,10,10,10,9.95
148083,9,9,8,9,9,9,9,9,9,9,9,9,9,9,9,9,9,9,8,9,8.9
148084,9,9,9,9,9,9,10,10,10,9,10,9,9,9,9,9,9,5,10,10,9.1
148085,7,7,6,6,7,7,8,7,7,8,7,7,6,7,6,7,6,6,6,7,6.75
148086,6,9,10,7,7,9,7,10,8,8,5,10,5,10,10,10,10,6,8,8,8.15
148087,10,10,10,10,10,10,10,10,10,10,10,10,10,10,10,10,10,10,10,10,10.0
148088,10,10,10,9,9,10,10,10,10,9,9,10,10,9,9,10,10,10,9,10,9.65
148089,10,10,10,10,10,10,10,10,10,10,10,10,10,10,10,10,10,10,10,10,10.0
148090,4,5,5,5,5,6,6,5,5,5,5,5,4,4,4,5,5,3,3,3,4.6
148091,9,9,9,9,9,9,9,9,9,9,9,9,9,9,9,9,9,9,9,9,9.0
148092,9,9,10,9,9,9,9,10,9,10,9,10,9,10,9,10,9,9,8,9,9.25
148093,8,7,7,8,8,8,8,8,8,8,8,8,8,8,8,8,8,7,8,8,7.85
153089,9,8,9,10,9,9,9,9,9,8,9,8,10,9,9,9,8,8,8,9,8.8
153090,10,10,10,10,10,10,10,10,10,10,10,10,10,10,10,10,10,10,10,10,10.0
153091,1,1,2,2,2,2,2,2,2,2,5,5,5,5,5,6,6,6,6,6,3.65
153092,10,10,10,10,10,10,10,10,10,10,10,10,10,10,10,10,10,10,10,10,10.0
153093,9,9,9,9,9,9,9,8,9,8,9,9,9,9,9,9,9,9,9,9,8.9
153094,9,7,7,7,8,7,8,7,8,8,7,7,8,9,8,9,8,7,7,6,7.6
153095,10,10,10,10,10,10,10,10,10,10,10,10,10,10,10,10,10,10,10,10,10.0
153096,10,10,10,10,10,10,10,10,10,10,10,10,10,10,10,10,10,10,10,10,10.0
153097,7,7,7,8,7,8,7,8,7,7,9,7,8,7,7,7,10,7,6,8,7.45
153098,8,8,8,9,9,9,9,9,9,9,9,9,9,9,9,9,9,9,9,8,8.8
153099,6,7,6,7,6,7,6,7,6,7,6,7,6,7,6,7,6,7,6,7,6.5
153100,8,8,8,8,8,8,8,8,8,8,8,8,8,8,8,8,8,8,8,8,8.0
153101,5,5,4,7,6,7,7,4,6,5,8,5,5,6,3,4,8,7,7,6,5.75
153102,10,8,8,10,9,7,9,6,8,7,9,6,8,8,10,10,9,10,10,8,8.5
153103,10,10,10,10,10,10,10,10,10,10,10,10,10,10,10,10,10,10,10,10,10.0
153104,6,6,6,6,6,6,6,7,7,6,6,7,6,7,7,6,7,6,6,7,6.35
153105,10,10,10,10,10,10,10,10,10,10,10,10,10,10,10,10,10,10,10,10,10.0
153106,10,10,10,10,10,10,10,10,10,10,10,10,10,10,10,10,10,10,10,10,10.0
153107,4,4,4,4,4,4,4,4,4,4,4,4,4,4,4,4,4,4,4,4,4.0
153108,10,10,10,10,10,10,10,10,10,10,10,10,10,10,10,10,10,10,10,10,10.0
153109,9,9,10,9,9,10,9,9,10,10,9,9,8,9,9,8,10,10,8,9,9.15
153331,10,10,10,10,10,10,10,10,10,10,10,10,10,10,10,10,10,10,10,10,10.0
153332,5,5,4,3,5,6,5,5,5,6,5,6,5,6,5,5,4,5,3,5,4.9
153333,6,5,10,8,5,8,6,6,5,5,4,5,5,10,10,10,9,10,10,7,7.2
153334,9,9,9,9,9,9,9,9,9,9,9,9,9,9,9,9,9,9,9,9,9.0
153335,10,9,9,10,10,9,10,10,10,10,10,10,10,10,10,10,10,10,10,10,9.85
153336,7,7,7,7,7,7,7,7,7,7,7,7,7,7,7,7,7,7,7,7,7.0
153337,9,9,9,9,9,9,9,9,9,9,9,9,9,9,9,9,9,9,9,9,9.0
153338,7,8,7,8,8,7,8,7,7,7,7,8,8,6,7,7,7,8,7,7,7.3
153339,9,10,9,9,9,9,9,9,9,9,9,9,9,9,9,9,9,10,10,9,9.15
153340,9,9,9,9,9,9,9,9,9,9,9,9,9,9,9,9,9,9,9,9,9.0
153341,10,10,10,10,10,10,10,10,10,10,10,10,10,10,10,10,10,10,10,10,10.0
153342,10,10,10,10,10,10,10,10,10,10,10,9,9,10,10,10,10,10,10,10,9.9
153343,10,10,10,10,10,10,10,10,10,10,10,10,10,10,10,10,10,10,10,10,10.0
153344,10,9,8,8,8,8,8,8,8,6,7,6,7,6,6,6,6,6,6,6,7.15
153345,10,8,9,5,9,8,9,9,8,8,7,9,8,10,9,10,9,10,9,9,8.65
153346,10,10,10,10,10,10,10,10,10,10,10,10,10,9,10,10,9,9,9,9,9.75
153347,9,9,8,9,9,9,9,9,8,9,8,9,9,9,9,9,9,9,9,8,8.8
153348,10,10,10,10,10,10,10,10,10,10,10,10,10,10,10,10,10,10,10,10,10.0
153349,9,9,9,9,10,9,10,9,10,8,10,7,9,9,9,9,9,10,8,9,9.05
153350,8,7,7,7,7,7,7,7,7,7,7,7,7,7,7,7,7,7,7,7,7.05
153351,6,6,7,7,7,7,7,6,7,7,7,6,6,6,7,6,7,7,6,7,6.6
153390,6,6,6,6,6,6,6,6,6,6,6,6,6,6,6,6,6,6,6,6,6.0
153391,6,5,6,5,5,5,4,5,5,4,5,4,4,5,4,4,5,4,5,4,4.7
153392,6,10,10,10,10,10,10,10,10,6,10,10,10,10,9,10,8,10,9,9,9.35
153393,9,9,9,9,9,9,9,9,9,9,9,9,9,9,9,9,9,9,9,9,9.0
153394,7,6,3,6,6,7,6,7,7,5,8,6,6,6,4,7,7,6,8,5,6.15
153395,9,9,9,9,9,9,9,9,9,9,9,9,9,9,9,9,9,9,9,9,9.0
153396,7,8,9,8,8,7,8,8,9,7,9,6,7,8,7,8,8,8,8,8,7.8
153397,8,7,7,7,6,7,7,8,7,8,10,6,7,7,7,6,7,7,6,6,7.05
153398,9,9,10,10,10,10,10,9,10,10,10,10,10,9,10,9,10,9,10,9,9.65
153399,9,9,9,9,9,9,9,9,9,9,9,9,9,9,9,9,9,9,9,9,9.0
153400,9,9,9,9,9,9,9,9,9,9,9,9,9,9,9,9,9,9,9,9,9.0
153401,10,10,10,10,10,10,10,10,10,10,10,10,10,10,10,10,10,10,10,10,10.0
153402,10,10,10,10,10,10,10,10,10,10,10,10,10,10,10,10,10,10,10,10,10.0
153403,9,10,9,9,9,8,10,9,10,9,8,9,9,10,9,10,9,8,10,10,9.2
153404,10,10,9,10,9,10,9,10,10,10,9,10,10,10,9,10,10,10,10,10,9.75
153405,10,10,10,10,10,10,10,10,10,10,10,10,10,10,10,10,10,10,10,10,10.0
153406,10,10,10,10,10,10,10,10,10,10,10,10,10,10,10,10,10,10,10,10,10.0
153407,10,10,10,10,10,10,10,10,10,10,10,10,10,10,10,10,10,10,9,9,9.9
153408,7,7,7,6,6,6,6,7,6,7,6,6,6,6,6,6,7,6,6,6,6.3
153409,6,5,6,5,6,7,5,5,6,6,5,5,6,5,6,7,6,6,6,5,5.7
153410,7,9,10,8,9,9,8,9,9,8,9,9,9,9,8,9,8,9,10,9,8.75
157817,10,10,10,10,9,10,9,9,7,8,7,8,7,10,10,10,9,10,10,9,9.1
157818,7,7,7,7,7,7,7,7,7,7,7,7,7,7,7,7,7,7,7,7,7.0
157819,7,7,8,8,8,8,8,8,8,8,8,8,8,8,8,8,8,8,8,8,7.9
157820,8,8,8,8,8,8,8,8,8,8,8,8,8,8,8,8,8,8,8,8,8.0
157821,7,7,7,8,8,8,8,8,7,7,8,8,8,8,8,8,8,8,8,8,7.75
157822,7,7,7,7,7,7,7,7,7,7,7,7,7,7,7,7,7,7,7,7,7.0
157823,9,9,9,9,9,9,9,9,9,9,9,9,9,9,9,9,9,9,9,9,9.0
157824,8,8,8,8,8,8,8,8,7,8,8,9,8,8,9,8,8,9,8,9,8.15
157825,8,9,8,8,8,7,8,8,9,10,10,9,9,9,9,9,9,9,9,9,8.7
157826,9,9,9,9,9,9,9,9,9,9,9,9,9,9,9,9,9,9,9,9,9.0
157827,7,9,8,8,9,8,7,8,6,6,7,6,7,6,7,7,6,7,6,7,7.1
157828,9,10,9,10,9,10,9,9,9,8,9,9,9,9,8,8,8,10,9,10,9.05
157829,8,8,8,7,7,7,8,7,8,7,6,5,7,7,8,7,7,8,7,8,7.25
157830,8,9,9,9,8,9,8,9,9,8,8,9,9,8,9,9,9,8,9,10,8.7
157831,9,8,10,10,10,9,9,8,10,10,10,10,9,9,9,10,10,9,9,10,9.4
157832,10,9,10,9,10,9,10,9,10,9,10,9,10,9,10,9,10,9,9,9,9.45
157833,6,7,6,8,7,8,6,6,7,8,6,7,6,7,8,7,8,7,7,8,7.0
157834,10,10,10,10,10,10,10,10,10,10,10,10,10,10,10,10,10,10,10,10,10.0
157835,8,7,7,8,7,8,7,6,7,6,6,8,6,6,6,7,7,6,6,8,6.85
157836,10,10,10,10,10,10,10,10,10,10,10,10,10,10,10,10,10,10,10,10,10.0
157837,7,7,7,6,7,7,7,7,7,7,7,7,7,7,7,7,7,7,7,7,6.95
157838,9,9,9,9,9,10,9,10,10,10,9,10,9,9,9,9,9,9,9,9,9.25
157936,8,8,7,8,8,7,8,8,8,8,8,7,8,8,8,8,8,8,8,8,7.85
157937,9,9,10,10,8,10,10,10,10,10,10,10,10,10,10,10,10,10,10,10,9.8
157938,6,6,6,6,6,6,6,6,6,6,6,6,6,6,6,6,6,6,6,6,6.0
157939,9,9,9,10,9,9,9,9,9,9,9,9,9,9,9,9,9,9,9,8,9.0
157940,7,8,7,8,7,7,6,9,8,9,8,9,8,9,8,9,9,8,9,8,8.05
157941,10,10,10,10,10,10,10,10,10,10,10,10,10,10,10,10,10,10,10,10,10.0
157942,8,8,8,8,8,8,8,8,8,8,8,8,8,8,8,8,8,8,8,8,8.0
157943,7,7,7,7,7,7,7,7,7,7,7,7,7,7,7,7,7,7,7,7,7.0
157944,9,8,9,8,9,9,8,9,9,10,8,9,9,8,9,8,9,9,10,9,8.8
157945,9,9,9,9,9,9,9,9,9,8,8,8,8,8,8,8,8,8,8,8,8.45
157946,9,10,9,9,10,9,10,9,10,9,10,9,10,9,10,9,10,10,9,10,9.5
157947,9,9,9,9,9,9,10,9,9,10,10,9,9,10,9,9,9,9,9,9,9.2
157948,10,10,10,10,10,10,10,10,10,10,10,10,10,10,10,10,10,10,10,10,10.0
157949,10,10,10,10,10,10,10,10,10,10,10,10,10,10,10,10,10,10,10,10,10.0
157950,2,2,2,3,2,3,2,3,2,2,1,4,2,4,3,3,4,4,4,4,2.8
157951,10,10,10,10,10,10,10,10,10,10,10,10,10,10,10,10,10,10,10,10,10.0
157952,10,10,10,10,10,10,10,10,10,10,10,10,10,10,10,10,10,10,10,10,10.0
157953,8,8,9,8,8,9,10,9,8,10,8,7,7,8,10,10,8,5,8,9,8.35
157954,10,9,9,10,9,9,9,10,9,10,9,9,10,9,8,9,9,9,9,9,9.2
157955,5,4,3,4,4,4,4,5,4,4,5,4,5,4,5,4,5,4,5,4,4.3
157956,10,10,10,10,10,10,10,10,10,10,10,10,10,10,10,10,10,10,10,10,10.0
157988,10,10,10,10,10,10,10,10,10,10,10,10,10,10,10,10,10,10,10,10,10.0
157989,6,6,7,5,6,5,6,6,6,5,6,5,6,5,6,7,5,6,6,5,5.75
157990,10,10,10,10,10,10,10,10,10,10,10,10,10,10,10,10,10,10,10,10,10.0
157991,8,8,9,9,9,9,9,8,9,8,8,9,8,9,8,9,9,9,9,9,8.65
157992,10,10,10,10,10,10,10,10,10,10,10,10,10,10,10,10,10,10,10,10,10.0
157993,10,10,10,10,10,10,10,10,10,10,10,10,10,10,10,10,10,10,10,10,10.0
157994,10,10,10,10,10,10,10,10,10,10,10,10,10,10,10,10,10,10,10,10,10.0
157995,10,10,10,10,10,10,10,10,10,10,10,10,10,10,10,10,10,10,10,10,10.0
157996,2,1,2,3,4,4,4,4,4,3,4,4,3,4,4,4,4,4,4,4,3.5
157997,10,5,5,9,7,5,7,5,5,5,6,6,6,5,4,9,4,7,6,6,6.1
157998,6,6,6,6,6,6,6,6,6,6,6,6,6,6,6,6,6,6,6,6,6.0
157999,6,5,4,5,4,5,6,4,5,4,5,4,5,5,4,5,4,5,4,5,4.7
158000,5,5,5,5,5,5,5,5,5,6,6,6,6,6,8,8,8,8,8,8,6.15
158001,10,10,10,10,9,9,10,10,10,10,10,9,10,10,9,9,10,10,10,10,9.75
158002,5,5,5,5,5,5,5,5,6,5,5,5,5,5,5,4,5,4,5,4,4.9
158003,10,10,10,10,10,10,10,10,10,10,10,10,10,10,10,10,10,10,10,10,10.0
158004,8,7,7,7,7,7,7,7,7,7,7,7,7,7,7,7,7,7,7,7,7.05
158005,9,9,9,9,9,9,9,8,9,9,9,9,9,9,9,9,9,9,9,9,8.95
158006,8,8,8,8,8,8,8,8,8,8,8,8,8,8,8,8,8,8,8,8,8.0
158007,10,9,8,9,8,7,8,8,8,8,9,9,9,9,10,10,9,10,9,10,8.85
158008,8,10,10,8,8,5,8,9,9,8,8,8,8,9,8,8,7,10,8,8,8.25
158009,5,5,5,6,6,3,5,2,1,5,5,3,2,4,5,5,2,7,1,3,4.0
161921,3,3,3,3,3,3,2,3,3,3,2,3,3,2,3,3,2,3,3,2,2.75
161922,6,6,6,6,6,6,6,6,6,6,6,6,6,6,6,6,6,6,6,6,6.0
161923,8,9,8,8,8,8,8,8,7,9,8,10,8,7,8,7,8,7,8,7,7.95
161924,7,7,6,8,7,6,7,6,7,8,7,7,7,7,8,7,6,7,8,7,7.0
161925,5,6,5,5,5,5,5,6,5,4,6,5,5,5,6,5,7,5,6,5,5.3
161926,10,10,10,10,10,10,10,10,10,10,10,10,10,10,10,10,10,10,10,10,10.0
161927,10,10,10,10,10,10,10,10,10,10,10,10,10,10,10,10,10,10,10,10,10.0
161928,8,9,9,8,9,8,8,8,8,8,9,9,8,8,9,8,8,8,8,8,8.3
175077,9,9,9,9,9,9,9,9,9,9,9,9,9,9,9,9,9,9,9,9,9.0
175078,6,6,5,6,6,5,6,6,7,7,8,6,5,7,4,6,5,7,6,6,6.0
175079,9,10,9,10,10,9,10,10,10,10,10,10,10,10,10,10,10,10,10,10,9.85
175080,4,5,5,5,6,5,6,5,6,5,6,5,6,6,8,5,7,5,5,6,5.55
175081,8,8,7,8,7,8,8,7,8,7,8,7,8,7,8,7,8,7,5,8,7.45
175082,10,10,10,10,9,9,9,9,8,9,9,9,9,9,9,9,9,9,9,9,9.15
175083,7,7,7,6,7,6,7,6,7,6,7,6,7,6,7,6,7,6,7,6,6.55
175084,9,9,9,8,8,10,10,9,9,10,9,8,9,8,9,9,8,9,8,9,8.85
175085,6,5,8,8,6,6,5,8,6,7,6,5,8,8,7,9,8,7,9,7,6.95
175086,10,9,10,9,10,10,9,9,8,10,10,9,10,9,10,8,10,9,9,9,9.35
175087,9,9,9,9,9,9,9,9,9,9,9,9,9,9,9,9,9,9,9,9,9.0
175088,10,10,10,10,10,10,10,10,10,10,10,10,10,10,10,10,10,10,10,10,10.0
175089,9,8,9,8,7,9,9,8,9,8,8,7,8,9,7,8,7,8,9,7,8.1
175090,10,9,8,9,7,8,9,7,7,8,7,6,7,8,7,8,6,6,8,6,7.55
175091,10,10,10,9,10,9,10,9,10,9,10,9,10,9,10,10,10,9,10,9,9.6
175092,10,10,10,10,10,10,10,10,10,10,10,10,10,10,10,10,10,10,10,10,10.0
175093,10,10,10,10,10,10,10,10,10,10,10,10,10,10,10,10,10,10,10,10,10.0
175094,9,9,9,9,9,9,9,9,9,9,9,9,9,9,9,9,9,9,9,9,9.0
175095,5,6,5,4,5,6,4,6,4,4,5,5,4,5,4,5,6,4,5,6,4.9
175096,10,10,10,10,9,9,10,10,10,6,8,8,9,9,10,10,7,10,8,9,9.1
175097,9,9,10,10,9,9,10,10,9,10,9,9,10,9,9,9,9,9,9,9,9.3
175098,10,10,10,10,10,10,10,10,10,10,10,10,10,10,10,10,10,10,10,10,10.0
175099,9,10,9,10,9,10,10,10,10,10,10,10,10,10,10,10,10,10,10,10,9.85
175100,10,9,8,8,9,10,10,10,10,8,9,8,9,8,9,8,10,10,9,10,9.1
175101,10,10,10,9,10,9,10,10,9,10,10,10,10,9,10,10,9,9,9,10,9.65
175102,1,1,1,1,1,2,2,3,3,3,3,3,3,3,3,3,3,4,3,1,2.35
175103,5,6,4,5,6,5,5,6,5,6,5,5,6,7,5,5,7,5,7,6,5.55
175104,10,10,10,10,10,10,10,10,10,10,10,10,10,10,10,10,10,10,10,10,10.0
175105,9,9,8,9,8,9,8,9,8,9,8,9,8,9,8,9,8,9,8,9,8.55
175106,2,2,2,2,2,2,2,3,3,3,3,3,3,2,2,3,3,2,3,2,2.45
175107,8,8,10,7,7,5,6,5,1,1,5,4,1,1,8,7,2,5,1,1,4.65
175108,6,6,6,5,5,8,5,7,5,7,5,7,5,4,7,5,7,5,3,6,5.7
175109,5,5,5,5,5,5,6,6,6,6,6,6,6,6,6,6,6,6,6,6,5.7
175110,9,9,9,9,9,9,9,9,9,9,9,9,9,9,8,8,8,8,8,8,8.7
175111,10,10,10,10,10,10,10,10,10,10,10,9,10,10,10,10,10,10,10,10,9.95
175112,9,10,10,10,9,9,9,8,9,10,9,8,9,9,9,8,8,9,10,9,9.05
175113,7,6,7,9,7,5,7,6,7,5,7,7,7,6,9,7,6,8,8,8,6.95
175114,9,10,10,10,10,10,10,10,10,10,10,9,9,10,10,10,10,10,10,10,9.85
175115,10,10,10,10,10,10,10,10,10,10,10,10,10,10,10,10,10,10,10,10,10.0
175116,10,10,10,10,10,10,10,10,10,10,10,10,10,10,10,10,10,10,10,10,10.0
175117,10,9,10,10,10,10,10,10,10,10,10,10,10,10,10,10,10,10,10,10,9.95
175118,8,6,10,10,8,2,8,5,8,7,7,8,8,8,8,7,8,8,8,8,7.5
175119,10,10,10,10,10,10,10,10,10,10,10,8,10,10,10,10,10,10,10,10,9.9
175120,4,8,5,4,5,1,2,1,1,5,3,4,3,4,3,2,2,2,3,2,3.2
175121,8,8,8,8,8,8,8,8,8,8,8,8,8,8,8,8,8,8,8,8,8.0
175122,8,8,8,8,8,8,8,8,8,8,8,8,8,8,8,8,8,8,8,8,8.0
175123,6,6,6,6,6,6,6,6,6,6,6,6,6,6,6,6,6,6,6,6,6.0
175124,10,10,10,10,10,10,10,10,10,10,10,10,10,10,10,10,10,10,10,10,10.0
175125,4,2,3,5,2,4,3,3,2,3,2,4,3,2,3,4,3,4,2,3,3.05
175126,8,8,7,7,7,7,8,8,8,7,8,8,8,8,7,8,8,8,9,9,7.8
175127,7,7,8,8,8,8,8,8,8,8,8,8,8,8,8,8,8,8,8,8,7.9
175128,8,8,8,8,8,8,7,7,7,7,7,7,7,7,7,7,7,7,7,7,7.3
175129,8,8,8,8,8,8,8,8,8,8,8,9,8,8,8,8,8,8,8,8,8.05
175130,5,4,5,4,4,5,4,5,4,3,4,5,4,4,3,6,5,4,6,5,4.45
175131,10,9,10,10,10,9,9,9,10,10,8,10,10,9,10,9,10,10,10,10,9.6
175132,10,10,10,10,10,10,10,10,10,10,10,10,10,10,10,10,10,10,10,10,10.0
175133,9,9,9,9,9,9,9,9,9,9,9,9,9,9,9,9,9,9,9,9,9.0
175134,10,9,10,9,10,10,10,10,10,10,10,10,10,10,10,10,10,10,10,10,9.9
175135,5,5,5,5,5,5,5,5,5,5,5,5,5,5,5,5,5,5,5,5,5.0
175136,10,9,9,9,10,9,9,9,9,9,10,9,9,9,10,9,9,9,9,9,9.2
175137,8,8,8,9,9,9,9,9,9,9,9,10,9,9,9,10,9,9,9,10,9.0
175138,3,4,4,4,4,4,5,4,3,3,4,3,4,3,4,3,3,4,3,3,3.6
175139,1,4,4,8,8,8,9,8,9,5,7,7,8,10,8,8,8,9,9,6,7.2
175140,10,10,9,10,10,9,9,10,9,9,9,9,9,9,9,9,8,8,8,8,9.05
175141,8,9,8,9,8,8,8,8,9,8,8,8,8,8,8,9,8,8,9,8,8.25
175142,5,5,5,5,5,5,5,5,5,5,5,5,5,5,5,5,5,5,5,5,5.0
175143,4,5,5,5,6,5,4,5,4,5,4,5,4,5,5,5,4,5,4,5,4.7
175144,10,10,10,10,10,10,10,10,10,10,10,10,10,10,10,10,10,10,10,10,10.0
175145,10,10,10,10,10,10,10,10,10,10,10,10,10,10,10,10,10,10,10,10,10.0
175146,10,10,10,10,10,10,10,10,10,10,10,10,10,10,10,10,10,10,10,10,10.0
175147,7,6,7,7,7,7,7,7,7,7,6,7,6,8,6,7,6,8,6,6,6.75
175148,4,4,4,1,5,5,5,3,5,5,4,4,5,3,5,3,5,4,3,5,4.1
175149,9,9,9,9,9,9,9,9,9,9,9,9,9,9,9,9,9,9,9,9,9.0
175150,10,9,10,9,9,10,9,9,9,8,10,9,9,9,9,9,8,9,9,9,9.1
175151,10,10,10,10,10,10,10,10,10,10,10,10,10,10,10,10,10,10,10,10,10.0
175152,8,8,8,8,8,8,8,8,8,8,8,8,8,8,8,8,8,8,8,8,8.0
175153,8,8,8,8,8,8,8,8,8,8,8,8,8,8,8,8,8,8,8,8,8.0
175154,5,6,5,4,5,6,5,4,5,6,5,4,5,6,5,4,5,6,5,4,5.0
175155,10,10,10,9,8,8,9,10,10,9,10,9,10,10,9,9,9,9,10,9,9.35
175156,10,9,8,9,9,5,5,4,5,3,4,2,3,3,3,4,3,4,3,4,5.0
175157,9,10,9,10,9,9,9,9,9,9,9,9,9,9,10,10,9,10,9,9,9.25
175158,4,4,4,4,4,4,4,4,4,4,4,4,4,4,4,4,4,4,4,4,4.0
175159,5,5,4,5,4,5,4,4,4,4,4,4,4,5,5,4,5,4,5,4,4.4
175160,7,7,7,7,7,6,6,6,6,6,6,6,6,6,6,6,6,6,6,6,6.25
175161,9,9,9,9,9,10,9,9,9,9,9,9,9,9,9,9,9,10,9,9,9.1
175162,10,10,10,10,10,10,10,10,10,10,10,10,10,10,10,10,10,10,10,10,10.0
175163,9,9,9,9,9,9,9,9,9,9,9,9,9,9,9,9,9,9,9,9,9.0
175164,10,10,10,9,10,10,9,10,10,9,9,10,10,10,9,10,9,9,9,9,9.55
175165,8,7,7,7,7,6,8,7,8,9,8,9,8,9,8,7,8,7,8,8,7.7
175166,8,8,8,9,9,8,9,9,8,8,8,9,8,8,9,8,9,8,9,9,8.45
175167,8,8,8,8,8,9,9,9,9,9,8,8,8,8,8,8,8,8,8,8,8.25
175168,8,8,8,7,7,7,6,7,6,6,7,8,7,6,7,7,7,7,5,7,6.9
175169,5,5,5,5,5,5,5,5,5,5,5,5,5,5,4,5,5,5,5,5,4.95
175170,10,10,10,10,10,10,10,10,10,10,10,10,10,10,10,10,10,10,10,10,10.0
175171,10,10,10,10,10,10,10,10,10,10,10,10,10,10,10,10,10,10,10,10,10.0
175172,10,10,10,10,10,10,10,10,10,10,10,10,10,10,10,10,10,10,10,10,10.0
175173,9,7,8,9,9,9,9,8,10,7,9,8,8,9,9,9,8,10,9,9,8.65
175174,7,7,7,7,7,7,7,7,7,7,7,7,7,7,7,7,7,7,7,7,7.0
175175,10,10,10,10,10,10,10,10,10,10,10,10,10,10,10,10,10,10,10,10,10.0
175176,9,9,9,9,10,9,9,9,10,9,9,9,9,9,9,9,9,9,9,9,9.1
175177,7,6,8,8,8,6,7,8,7,8,7,8,7,7,6,7,7,7,6,6,7.05
175178,7,8,8,8,8,8,8,8,8,8,8,8,8,8,8,8,8,8,8,8,7.95
175179,5,5,5,5,4,4,4,5,5,6,6,6,6,6,5,5,6,6,4,5,5.15
175180,9,9,9,10,9,10,10,9,9,9,9,9,9,9,9,9,9,9,9,9,9.15
175181,10,10,10,10,10,10,10,10,10,9,10,10,10,10,10,10,10,10,10,10,9.95
175182,5,5,4,4,4,4,4,3,3,3,3,3,2,2,2,2,1,1,1,1,2.85
175183,7,7,8,6,8,6,7,7,8,7,7,8,7,8,7,8,8,8,8,8,7.4
175184,7,6,7,6,8,6,6,6,8,6,8,6,8,8,7,8,6,8,7,8,7.0
175185,6,6,6,6,6,6,6,6,6,6,6,6,6,6,6,6,6,6,6,6,6.0
175186,10,9,5,8,8,8,8,7,7,7,6,4,4,4,4,4,4,4,4,5,6.0
175187,8,10,9,9,8,8,8,9,9,9,8,8,8,8,8,8,8,8,8,8,8.35
175188,5,5,5,4,4,4,5,4,5,5,6,6,5,5,5,5,5,5,5,5,4.9
175189,8,8,8,8,8,8,8,8,8,8,8,8,8,8,8,8,8,8,8,8,8.0
175190,7,8,8,7,7,7,7,8,7,7,7,7,7,8,7,7,8,8,8,7,7.35
175191,2,2,2,2,2,2,2,2,2,2,2,2,2,2,2,2,2,2,2,2,2.0
175192,4,5,6,6,5,6,5,5,6,5,6,5,7,6,7,7,7,7,6,6,5.85
175193,6,6,6,6,6,6,6,6,6,6,6,6,6,6,6,6,6,6,6,6,6.0
175194,6,6,7,6,7,7,7,6,7,6,7,7,7,8,7,6,7,6,7,7,6.7
175195,9,10,8,8,8,9,8,9,8,9,9,9,9,9,9,9,9,9,9,8,8.75
175196,9,9,9,9,9,9,9,9,9,9,9,9,9,9,9,9,9,9,9,9,9.0
175197,9,8,8,8,8,8,9,8,9,8,8,8,8,9,8,9,8,9,8,8,8.3
175198,5,5,5,5,5,5,5,5,5,5,5,5,5,5,5,5,5,5,5,5,5.0
175199,9,9,10,9,9,10,9,9,9,9,10,9,9,9,9,9,10,9,9,9,9.2
175200,10,10,10,10,10,10,10,10,10,10,10,10,10,10,10,10,10,10,10,10,10.0
175201,5,5,5,6,5,6,5,6,5,5,5,5,5,5,5,5,6,5,6,6,5.3
175202,8,8,9,9,9,9,9,10,9,9,9,10,9,9,8,9,8,8,8,9,8.8
175203,6,6,6,6,6,6,6,6,6,6,6,6,6,6,6,6,6,6,6,6,6.0
175204,8,9,8,9,8,9,9,9,8,9,8,8,8,9,8,8,8,9,9,9,8.5
175205,5,5,6,5,5,5,5,5,5,6,6,6,6,6,6,7,7,7,7,7,5.85
175206,3,2,1,4,1,6,5,3,5,6,5,3,4,4,5,3,3,2,4,3,3.6
175207,7,7,7,7,7,7,7,7,7,7,7,7,7,7,7,7,7,7,7,7,7.0
175208,8,7,8,8,7,8,8,9,9,8,7,8,8,8,8,8,7,8,7,8,7.85
175209,10,10,10,10,10,10,10,10,10,10,10,10,10,10,10,10,10,10,10,10,10.0
175210,9,9,9,9,9,9,9,9,9,9,9,9,9,9,9,9,9,9,9,9,9.0
175211,10,9,8,9,10,9,8,9,10,9,8,9,10,10,10,10,10,10,10,10,9.4
175212,7,6,6,6,6,6,6,6,6,7,6,6,6,6,6,7,6,6,6,6,6.15
175213,8,8,7,8,8,9,8,9,8,8,9,9,9,9,9,9,9,9,9,9,8.55
175214,6,7,6,7,7,7,7,7,6,7,6,6,6,7,7,7,7,7,6,7,6.65
175215,7,6,7,7,8,7,8,8,8,7,8,7,8,9,8,9,8,8,9,9,7.8
175216,8,8,8,8,8,8,8,8,7,7,7,7,7,7,7,7,7,6,6,6,7.25
175217,9,9,9,9,9,9,9,9,9,9,9,9,9,9,10,10,9,9,9,9,9.1
175218,5,6,6,7,5,5,4,5,5,5,6,6,5,4,5,6,5,6,6,6,5.4
175219,10,10,10,10,10,10,10,10,10,10,10,10,10,10,10,10,10,10,10,10,10.0
175220,9,9,9,9,9,9,9,9,9,9,9,9,9,9,9,9,9,9,9,9,9.0
175221,10,9,9,10,10,10,10,10,10,10,10,10,10,10,10,10,10,10,10,10,9.9
175222,9,9,9,9,8,8,8,8,8,8,8,8,8,8,8,8,8,9,8,8,8.25
175223,6,7,6,7,6,5,5,5,6,6,6,7,6,5,6,5,6,5,5,6,5.8
175224,10,10,10,10,10,10,10,10,10,10,10,10,10,10,10,10,10,10,10,10,10.0
175225,6,6,6,6,6,7,6,6,5,7,5,7,5,6,6,7,7,7,7,8,6.3
175226,5,5,5,5,5,5,5,5,5,5,5,5,5,5,5,5,5,5,5,5,5.0
175227,6,7,8,7,8,7,7,7,7,7,7,7,6,7,6,7,7,7,7,7,6.95
175228,8,8,8,9,8,8,9,8,8,9,9,8,9,8,9,8,9,8,9,8,8.4
175229,9,10,10,10,9,9,10,9,8,9,9,8,8,8,8,8,9,9,9,9,8.9
175230,10,10,10,10,10,10,10,10,10,10,10,10,10,10,10,10,10,10,10,10,10.0
175231,10,10,10,10,10,10,10,10,10,10,10,10,10,10,10,10,10,10,10,10,10.0
175232,7,8,8,8,8,8,9,8,9,9,8,8,8,8,8,9,8,8,8,8,8.15
175233,4,5,4,5,5,5,4,4,5,4,5,4,5,5,4,5,4,5,6,6,4.7
175234,9,8,7,8,8,8,8,5,8,5,7,8,8,8,8,8,9,8,9,8,7.75
175235,6,6,7,6,6,6,6,6,6,6,6,6,6,6,6,6,6,6,6,6,6.05
175236,8,7,6,8,8,9,8,9,8,7,8,9,8,8,8,9,8,8,8,9,8.05
175237,9,9,9,9,9,9,9,9,9,9,9,9,9,9,9,9,9,10,9,9,9.05
175238,8,7,7,9,9,9,8,8,7,8,8,7,8,8,8,8,8,7,8,8,7.9
175239,10,10,10,10,10,9,10,9,9,9,10,10,10,10,10,9,9,9,10,9,9.6
175240,10,10,10,10,10,10,10,9,9,9,10,10,9,9,9,9,9,9,9,10,9.5
175241,5,5,5,5,4,5,4,5,5,5,4,5,4,6,5,5,7,5,6,5,5.0
175242,4,4,4,4,4,4,5,3,3,3,4,4,4,4,4,4,4,5,5,4,4.0
175243,5,5,5,5,5,5,5,5,5,5,5,5,5,5,5,5,5,5,5,5,5.0
175244,5,5,5,6,5,6,5,6,5,6,5,6,5,5,6,5,6,5,6,5,5.4
175245,3,3,3,3,3,3,3,3,3,4,4,4,4,4,4,4,4,4,4,4,3.55
175246,6,6,7,6,7,6,6,6,6,7,6,6,7,6,6,6,6,7,7,7,6.35
175247,8,8,8,8,8,8,8,8,8,8,8,8,8,8,8,8,8,8,8,8,8.0
175248,7,8,8,7,8,7,8,8,8,7,8,6,5,7,3,5,6,4,5,5,6.5
175249,8,8,8,7,8,7,8,9,8,8,8,8,8,8,8,8,8,8,8,8,7.95
175250,7,6,6,6,6,7,6,6,6,6,7,6,6,6,6,7,6,6,6,6,6.2
175251,7,6,5,6,5,5,4,5,4,5,5,4,3,5,4,3,4,4,6,5,4.75
175252,5,5,5,5,5,5,5,5,5,5,5,5,5,5,5,5,5,5,5,5,5.0
175253,3,3,3,3,4,3,2,3,3,3,3,2,3,3,3,3,3,3,3,3,2.95
175254,10,9,9,10,9,8,8,9,9,9,10,8,7,7,9,9,10,8,9,9,8.8
175255,5,5,5,5,5,5,5,5,5,6,5,5,5,5,5,5,5,5,5,5,5.05
175256,10,10,10,10,10,10,10,10,10,10,10,10,10,10,10,10,10,10,10,10,10.0
175257,10,10,10,10,10,10,10,10,10,10,10,10,10,10,10,10,10,10,10,10,10.0
175258,4,4,5,5,5,5,4,5,4,4,5,4,5,5,5,5,5,5,5,6,4.75
175259,7,7,7,8,8,7,8,8,8,8,8,7,7,8,8,7,8,8,8,8,7.65
175260,7,7,8,7,8,7,8,7,8,7,8,7,7,7,7,7,7,7,7,7,7.25
175261,6,6,6,6,6,6,6,6,7,7,7,7,7,7,7,7,7,7,7,7,6.6
175262,5,5,5,5,5,5,5,5,5,5,5,5,5,5,5,5,5,5,5,5,5.0
175263,6,5,6,4,6,4,5,4,5,4,5,4,5,4,5,4,5,4,5,4,4.7
175264,4,5,5,5,6,5,6,5,5,5,4,5,5,6,5,6,5,6,5,6,5.2
175265,4,4,4,4,4,4,4,4,4,4,4,4,4,4,4,4,4,4,4,4,4.0
175266,9,9,9,9,9,9,9,9,9,9,9,9,9,9,9,9,9,9,9,9,9.0
175267,5,6,5,7,7,5,7,6,7,6,8,7,6,5,5,7,7,6,7,7,6.3
175268,8,8,8,8,8,8,8,8,8,8,8,8,9,8,8,8,8,8,8,8,8.05
175269,9,10,10,10,10,10,10,10,10,10,10,10,10,10,10,10,10,10,10,10,9.95
175270,9,9,9,9,9,9,8,8,8,8,8,9,9,8,9,9,9,9,9,9,8.7
175271,10,10,10,10,10,10,10,10,10,10,10,10,10,10,10,10,10,10,10,10,10.0
175272,9,9,9,9,8,8,9,8,8,7,7,8,8,8,8,8,9,8,8,8,8.2
175273,8,9,8,9,9,8,9,10,9,10,9,9,10,9,10,10,10,9,9,9,9.15
175274,5,5,4,4,5,4,4,4,4,4,4,4,4,5,4,5,5,4,4,4,4.3
175275,5,5,6,5,5,5,5,5,6,6,6,5,3,4,5,2,5,3,7,2,4.75
175276,6,6,6,5,5,5,5,5,5,5,5,5,5,5,5,5,5,5,5,5,5.15
175277,8,9,8,8,8,7,7,8,9,8,7,7,7,7,7,7,8,8,7,7,7.6
175278,7,6,7,6,6,5,6,5,5,6,5,4,5,4,4,5,5,4,6,6,5.35
175279,9,9,9,9,9,9,9,9,9,9,9,9,9,9,9,9,9,9,9,9,9.0
175280,6,3,2,2,3,2,2,3,2,1,2,1,2,2,1,2,2,2,2,2,2.2
175281,8,8,8,8,7,8,8,8,8,8,9,8,8,8,8,8,8,8,8,8,8.0
175282,9,9,9,10,9,9,9,9,10,9,9,9,9,9,9,9,9,9,9,9,9.1
175283,10,10,10,9,9,9,10,9,9,9,9,9,9,10,9,9,9,9,9,9,9.25
175284,10,10,10,10,10,10,10,10,10,10,10,10,10,10,10,10,10,10,10,10,10.0
175285,9,10,9,10,10,10,10,9,9,9,9,10,9,9,10,10,9,9,10,8,9.4
175286,7,8,8,8,8,8,8,8,8,8,8,8,8,8,8,8,8,8,8,8,7.95
175287,8,10,7,9,8,8,10,8,7,9,10,7,8,9,7,10,7,10,9,9,8.5
175288,7,6,6,6,6,6,6,6,6,7,6,7,7,7,6,7,6,6,7,6,6.35
175289,9,9,9,9,9,9,9,9,9,9,9,9,9,9,9,9,9,9,9,9,9.0
175290,10,10,10,10,10,10,10,10,10,10,10,10,10,10,10,10,10,10,10,10,10.0
175291,10,10,10,10,10,10,10,10,10,10,10,10,10,10,10,10,10,10,10,10,10.0
175292,10,10,10,10,10,10,10,10,10,10,10,10,10,10,10,10,10,10,10,10,10.0
175293,4,5,5,6,5,4,5,6,5,5,5,5,5,6,5,5,6,5,6,5,5.15
175294,8,8,8,7,7,6,6,6,5,5,5,5,5,5,5,5,5,5,5,5,5.8
175295,8,8,8,8,8,8,8,8,8,8,8,8,8,8,8,8,8,8,8,8,8.0
175296,8,8,8,7,8,7,7,7,7,7,6,7,6,7,6,6,7,8,6,7,7.0
175297,8,7,7,7,8,7,7,7,7,7,8,7,7,7,8,8,8,7,6,7,7.25
175298,6,5,7,5,5,6,3,6,6,6,5,4,4,4,4,7,6,4,5,7,5.25
175299,7,7,6,7,9,9,8,7,7,8,9,8,9,9,8,8,9,7,8,8,7.9
175300,4,5,5,5,5,5,5,5,6,6,6,6,6,6,6,6,6,6,6,6,5.55
175301,9,9,9,9,9,8,9,9,9,9,8,8,9,9,8,9,8,9,9,10,8.8
175302,10,10,10,10,10,10,10,10,10,10,10,10,10,10,10,10,10,10,10,10,10.0
175303,10,9,10,9,10,9,10,9,10,9,10,9,10,9,10,9,10,9,9,10,9.5
175304,8,8,8,8,8,8,8,8,8,8,8,8,8,8,8,8,8,8,8,8,8.0
175305,10,10,10,10,10,10,10,10,10,10,10,10,10,10,10,10,10,10,10,10,10.0
175306,8,7,8,8,7,8,7,7,8,8,7,8,7,6,7,7,8,7,6,7,7.3
175307,9,8,8,9,8,9,8,9,8,9,8,9,8,8,9,8,9,8,9,8,8.45
175308,10,10,10,10,10,10,10,10,10,10,10,10,10,10,10,10,10,10,10,10,10.0
175309,7,7,7,7,7,7,7,7,7,7,7,7,7,7,7,7,7,7,7,7,7.0
175310,10,10,10,10,10,10,10,10,10,10,10,10,10,10,10,10,10,10,10,10,10.0
175311,8,8,8,8,8,8,8,8,8,8,8,8,8,8,8,8,8,8,8,8,8.0
175312,2,2,2,2,2,2,2,2,2,2,2,2,2,2,2,2,2,2,2,2,2.0
175313,10,9,9,9,10,9,10,10,9,9,10,10,9,10,10,10,9,9,8,10,9.45
175314,7,6,8,8,7,8,7,7,8,7,7,6,7,8,7,6,7,6,7,6,7.0
175315,1,2,2,2,2,2,3,3,2,2,3,2,2,3,3,2,2,3,2,3,2.3
175316,8,6,8,2,5,3,4,4,1,1,3,4,2,1,7,6,2,5,2,2,3.8
175317,10,10,10,10,10,9,9,10,10,10,10,10,10,10,10,10,10,10,10,10,9.9
175318,10,8,8,7,7,7,6,4,4,6,3,5,6,6,3,4,4,4,6,5,5.65
175319,9,9,9,8,8,7,8,7,8,9,8,8,8,7,8,9,7,8,7,8,8.0
175320,8,8,8,8,8,8,8,8,8,8,8,8,8,8,8,8,8,8,8,8,8.0
175321,10,10,10,10,10,10,10,10,10,9,8,9,10,10,10,10,10,10,10,10,9.8
175322,10,9,10,10,10,10,10,10,10,10,10,10,10,10,10,10,10,10,10,10,9.95
175323,10,10,10,10,10,10,10,10,10,10,10,10,10,10,10,10,10,10,10,10,10.0
175324,7,6,7,6,7,7,7,6,7,7,6,8,6,7,7,7,7,7,8,8,6.9
175325,9,9,9,9,9,9,9,9,9,9,9,9,9,9,9,9,9,9,9,9,9.0
175326,10,10,10,10,10,10,10,10,10,10,10,10,10,10,10,10,10,10,10,10,10.0
175327,8,8,8,8,8,8,8,7,8,8,7,7,7,7,8,8,7,8,8,7,7.65
175328,9,8,8,9,7,8,10,7,8,6,7,9,7,9,7,9,7,6,9,8,7.9
175329,9,9,10,9,10,10,10,9,9,10,9,10,9,10,9,10,9,10,10,10,9.55
175330,5,5,5,5,5,5,5,5,5,5,5,5,5,5,5,5,5,5,5,5,5.0
175331,5,5,5,5,5,5,5,5,5,5,5,5,5,5,5,5,5,5,5,5,5.0
175332,8,8,8,8,8,8,8,8,8,8,8,8,8,8,8,8,8,8,8,5,7.85
175333,6,6,6,6,6,6,6,6,6,6,6,6,6,6,6,6,6,6,6,6,6.0
175334,6,6,6,6,5,6,6,6,6,6,6,6,6,6,6,6,6,6,6,6,5.95
175335,6,10,10,10,10,10,10,10,10,10,10,10,10,10,9,10,10,10,10,10,9.75
175336,9,8,9,8,9,8,10,9,8,10,9,9,9,10,8,8,10,9,9,8,8.85
175337,9,9,9,9,9,9,9,9,9,9,9,9,9,9,9,9,9,9,9,9,9.0
175338,7,7,7,7,7,7,7,10,10,10,10,10,10,10,10,10,10,10,10,10,8.95
175339,9,9,9,9,9,9,9,9,9,9,9,9,9,9,9,9,9,9,9,9,9.0
175340,10,9,9,8,8,8,7,6,7,6,8,7,7,7,7,7,7,7,7,7,7.45
175341,9,10,9,9,8,10,9,10,8,9,10,9,8,9,10,10,10,8,9,9,9.15
175342,7,8,9,8,7,8,9,8,7,8,9,8,7,8,9,8,7,8,9,8,8.0
175343,10,10,10,10,10,10,10,10,10,10,10,10,10,10,10,10,10,10,10,10,10.0
175344,10,10,10,10,10,10,10,10,10,10,10,10,10,10,10,10,10,10,10,10,10.0
175345,6,6,6,7,6,6,6,6,6,6,6,6,6,6,6,6,6,6,6,6,6.05
175346,9,9,9,8,9,8,8,8,8,8,8,8,8,8,8,8,8,8,8,8,8.2
180349,9,10,10,9,9,9,9,10,10,10,9,10,9,9,10,10,10,9,10,9,9.5
180350,8,8,8,8,8,8,8,8,8,8,8,9,8,9,9,9,9,9,9,9,8.4
180351,6,6,6,6,6,6,6,6,6,6,6,6,6,6,6,6,6,6,6,6,6.0
180352,10,10,10,10,10,10,10,10,10,10,10,10,10,10,10,10,10,10,10,10,10.0
180353,10,10,10,10,10,10,10,10,10,10,10,10,10,10,10,10,10,10,10,10,10.0
180354,10,9,10,10,9,9,9,9,9,9,9,9,9,9,9,9,9,9,9,9,9.15
180355,7,7,8,9,10,10,8,10,10,8,10,10,10,8,7,10,10,10,9,8,8.95
180356,10,10,10,10,10,10,10,10,10,10,10,10,10,10,10,10,10,10,10,10,10.0
184933,3,2,3,3,3,2,3,2,3,2,3,2,3,2,3,3,2,3,2,2,2.55
184934,8,9,10,10,10,10,7,10,8,10,10,10,9,10,10,9,9,8,9,10,9.3
184935,6,6,9,9,9,9,9,9,10,9,9,9,9,9,9,9,9,9,9,9,8.75
184936,9,10,8,10,9,8,7,6,8,5,7,8,7,8,7,8,9,6,8,9,7.85
191408,7,8,8,8,9,9,10,10,10,10,9,9,9,9,9,10,9,9,9,9,9.0
191409,8,8,10,8,10,10,7,9,6,9,6,7,8,6,8,7,9,9,7,9,8.05
191410,9,8,9,10,9,7,9,6,6,6,9,7,7,7,6,8,10,9,10,9,8.05
191411,6,6,6,6,6,6,6,6,6,6,6,6,6,6,6,6,6,6,6,6,6.0
191412,8,8,7,9,8,9,8,9,8,9,9,9,8,9,9,8,8,8,8,8,8.35
191413,8,8,8,9,9,9,8,8,7,8,9,8,8,9,9,8,9,8,9,8,8.35
191414,10,10,10,10,10,10,10,10,10,10,10,10,10,10,10,10,10,10,10,10,10.0
191415,10,10,10,10,9,10,9,10,10,10,9,10,10,10,10,9,10,10,10,10,9.8
198533,7,7,7,7,7,7,7,7,7,7,7,7,7,7,7,7,7,7,7,7,7.0
198534,10,10,10,10,10,10,10,10,10,10,10,10,10,10,10,10,10,10,10,10,10.0
198535,9,9,9,9,9,9,9,9,9,9,9,9,9,9,9,9,9,9,9,9,9.0
198536,10,10,10,10,9,8,9,8,8,8,9,9,8,8,8,9,8,8,8,8,8.65
198537,9,9,10,10,8,8,9,8,8,9,9,9,9,9,10,8,8,10,7,9,8.8
198538,6,5,9,8,8,8,8,8,8,8,7,6,8,8,8,8,7,8,8,8,7.6
198539,10,9,10,10,8,8,9,9,9,9,10,10,8,9,10,10,8,10,9,9,9.2
198540,10,10,10,10,10,10,10,10,10,10,10,10,10,10,10,10,10,10,10,10,10.0
198541,4,6,4,4,4,3,5,5,5,4,5,5,5,5,4,4,4,4,4,4,4.4
198542,5,5,5,5,6,6,7,7,7,7,7,7,7,7,7,7,7,7,7,7,6.5
198543,10,10,10,10,10,10,10,10,10,10,10,10,10,10,10,10,10,10,10,10,10.0
198544,3,8,10,10,8,4,4,3,5,5,8,5,5,5,5,5,5,5,5,5,5.65
198545,8,9,10,10,10,8,10,10,10,10,10,10,10,10,10,10,10,10,8,9,9.6
198546,6,9,9,8,6,3,6,3,4,9,7,5,5,4,9,9,4,4,3,6,5.95
198547,10,10,10,10,10,10,10,10,10,10,10,10,10,10,10,10,10,10,10,10,10.0
198548,8,9,9,9,8,9,8,9,8,9,8,9,8,9,8,9,7,9,8,9,8.5
198549,5,5,5,5,10,10,10,10,10,10,10,10,5,5,5,5,5,5,5,5,7.0
198550,10,10,8,10,9,10,10,10,10,10,10,9,9,10,10,10,9,10,10,10,9.7
198551,8,8,9,9,8,9,8,8,9,9,10,9,8,8,9,9,8,8,7,9,8.5
198552,9,9,9,9,9,9,9,9,9,9,9,9,9,9,9,9,9,9,9,9,9.0
198553,10,10,10,10,10,10,10,10,10,10,10,10,10,10,10,10,10,10,10,10,10.0
198554,8,7,7,9,8,7,9,9,8,6,8,8,8,8,6,9,8,8,9,7,7.85
198555,8,7,9,10,10,9,9,10,10,9,8,9,10,9,10,10,10,10,9,9,9.25
198556,9,9,9,9,9,9,9,9,9,9,9,9,9,9,9,10,10,10,10,10,9.25
198557,10,10,10,10,10,10,10,10,10,10,10,10,10,10,10,10,10,10,10,10,10.0
198558,10,10,10,10,10,10,10,10,10,10,10,10,10,10,10,10,10,10,10,10,10.0
198559,3,5,5,6,4,3,6,6,7,5,6,7,6,5,5,5,6,4,6,5,5.25
198560,10,10,10,9,10,9,9,10,10,9,10,10,9,10,9,9,10,10,10,10,9.65
198561,3,7,9,9,7,5,8,7,6,7,6,5,6,8,7,7,6,8,7,7,6.75
198562,6,7,6,7,6,7,6,6,7,6,7,6,7,6,7,6,7,6,7,7,6.5
198563,5,5,4,2,3,3,3,3,3,3,3,3,4,3,3,3,3,4,4,3,3.35
198564,10,10,10,10,10,10,10,10,10,10,10,10,10,10,10,10,10,10,10,10,10.0
198565,6,8,5,9,9,7,9,9,8,8,8,8,8,8,8,8,8,8,8,8,7.9
198566,9,8,8,8,9,7,8,9,8,9,8,8,9,8,9,8,9,8,8,8,8.3
198567,10,10,10,10,10,10,10,10,10,10,10,10,10,10,10,10,10,10,10,10,10.0
198568,9,9,9,9,10,9,8,8,7,8,8,8,7,8,9,9,8,9,8,9,8.45
198569,7,6,6,7,6,6,6,5,6,5,6,5,6,6,6,5,6,5,6,5,5.8
198570,10,10,10,10,10,10,10,10,10,7,9,8,9,7,10,10,9,8,9,9,9.25
198571,9,9,9,9,9,9,9,9,9,9,9,9,9,9,9,9,9,9,9,9,9.0
198572,10,10,10,10,10,10,10,10,10,10,10,10,10,10,10,10,10,10,10,10,10.0
198573,7,8,7,8,7,8,7,8,6,7,7,8,6,7,7,7,6,8,8,8,7.25
198574,10,10,10,10,10,10,10,10,10,10,10,10,10,10,10,10,10,10,10,10,10.0
198575,6,6,6,6,6,6,6,6,6,6,6,6,7,7,7,7,7,7,7,7,6.4
198576,8,8,8,8,8,8,8,8,8,8,8,8,8,8,8,8,8,8,8,8,8.0
198600,6,6,5,6,5,6,4,6,5,6,6,5,4,6,4,4,6,5,4,4,5.15
198601,6,6,6,5,5,5,5,5,5,5,4,4,4,4,4,5,5,5,5,5,4.9
198602,8,8,7,8,7,8,8,8,10,9,7,7,8,9,8,7,8,7,7,8,7.85
198603,2,2,2,2,2,2,2,2,2,2,2,2,2,2,2,2,2,2,2,2,2.0
198604,3,2,2,2,3,3,3,3,3,3,2,3,2,3,3,2,3,3,3,3,2.7
198605,7,8,8,8,8,8,9,9,8,8,8,9,9,8,8,7,7,7,7,7,7.9
198606,1,2,3,2,2,4,3,5,5,4,3,3,3,3,3,3,3,4,5,4,3.25
198607,5,5,5,5,5,5,5,5,5,5,5,5,5,5,5,5,5,5,5,5,5.0
198608,8,8,8,10,8,6,7,9,9,10,7,9,7,6,9,9,7,7,6,7,7.85
198609,8,9,8,8,7,6,8,7,6,8,7,8,6,6,7,8,7,7,6,7,7.2
198610,8,7,7,6,6,6,6,5,7,6,6,7,8,7,7,7,7,7,7,7,6.7
198611,10,10,10,10,9,9,9,10,10,10,8,9,10,10,10,10,10,10,10,10,9.7
198612,5,4,5,4,5,4,5,4,5,4,5,4,5,4,5,4,5,4,5,4,4.5
198613,9,8,7,7,8,7,8,7,7,8,7,7,6,8,8,8,9,9,9,10,7.85
198614,10,10,10,10,10,10,10,9,10,9,10,10,9,9,10,10,10,10,9,10,9.75
198615,5,5,5,5,6,6,6,6,6,6,6,6,6,6,6,6,6,6,6,6,5.8
198616,5,5,5,5,5,5,5,5,5,5,5,5,5,5,5,3,2,3,2,2,4.35
198617,8,8,8,9,9,9,9,9,8,8,9,6,6,7,7,6,9,9,8,8,8.0
198618,10,10,10,10,10,10,10,10,10,10,10,10,10,10,10,10,10,10,10,10,10.0
198619,8,8,8,8,8,8,5,5,5,4,4,5,3,3,3,3,3,3,3,3,5.0
198620,5,5,5,5,5,5,5,5,5,5,5,5,5,5,5,5,5,5,5,5,5.0
198621,9,10,10,10,10,7,10,7,7,5,9,6,7,7,3,9,1,6,7,7,7.35
198622,10,10,9,9,10,10,10,9,10,10,10,9,10,9,9,9,9,10,10,10,9.6
198623,5,5,6,7,6,7,7,8,7,6,7,6,5,6,5,6,6,5,6,8,6.2
198624,9,8,9,9,9,8,10,8,9,10,10,8,9,9,8,8,10,10,9,8,8.9
198625,8,9,9,9,8,9,8,9,8,8,8,8,9,9,8,9,8,9,8,8,8.45
198626,9,9,8,7,10,9,9,10,8,10,10,9,10,10,9,9,9,10,9,9,9.15
198627,3,3,3,3,3,3,3,3,3,3,3,3,3,3,3,3,3,3,3,3,3.0
198628,10,10,10,10,10,10,10,10,10,10,10,10,10,10,10,10,10,10,10,10,10.0
198629,9,9,8,8,9,9,9,9,8,9,8,9,9,8,8,8,9,9,8,9,8.6
198630,9,9,9,9,9,9,9,9,9,9,9,9,9,9,9,9,9,9,9,9,9.0
198631,5,5,5,5,5,5,5,5,5,5,6,7,7,7,7,7,7,7,7,7,5.95
198632,10,10,10,10,10,10,10,10,10,10,10,10,10,10,10,10,10,10,10,10,10.0
198633,10,10,10,10,10,10,10,10,10,10,10,10,10,10,10,10,10,10,10,10,10.0
198634,8,8,9,9,9,9,9,9,9,9,9,8,9,9,10,9,9,9,9,9,8.9
198635,10,10,10,10,10,10,10,10,10,10,10,10,10,10,10,10,10,10,10,10,10.0
198636,6,5,6,5,6,6,6,6,7,5,6,7,7,6,7,6,7,6,7,7,6.2
198637,10,10,10,10,10,10,10,10,10,10,10,10,10,10,10,10,10,10,10,10,10.0
198638,5,5,6,6,6,6,6,6,6,6,6,7,6,6,7,6,8,8,8,8,6.4
198639,5,6,6,5,5,5,6,5,7,6,7,7,7,7,7,7,7,7,8,8,6.4
198640,5,4,4,5,4,4,5,4,3,5,4,5,4,4,5,4,5,4,4,5,4.35
198641,10,10,10,10,10,10,10,10,10,9,10,10,10,10,10,10,10,10,10,10,9.95
198642,9,8,8,7,7,7,7,8,7,7,7,7,7,7,7,7,8,7,7,7,7.3
198643,7,2,4,8,5,6,5,6,6,2,5,6,7,7,6,7,8,8,7,5,5.85
198644,10,10,10,10,10,10,10,10,10,10,10,10,10,10,10,10,10,10,10,10,10.0
198645,7,6,6,7,8,6,6,6,7,7,8,7,9,8,8,7,7,8,7,7,7.1
198646,8,8,8,8,8,8,8,8,8,8,8,8,8,8,8,8,8,8,8,8,8.0
198647,4,5,4,4,5,4,4,5,5,6,5,5,5,4,5,5,5,4,5,5,4.7
198648,6,5,6,5,6,5,6,5,6,5,6,5,6,5,6,5,6,5,6,5,5.5
198649,10,10,10,10,10,10,10,10,10,10,10,10,10,10,10,10,10,10,10,10,10.0
198650,2,3,2,2,2,2,2,3,3,3,2,3,3,3,3,4,3,3,4,4,2.8
198651,10,9,8,8,8,8,8,9,9,9,9,9,9,9,9,9,9,9,9,9,8.8
198652,6,5,6,5,6,5,5,6,6,6,5,6,5,6,5,5,6,5,6,5,5.5
198653,7,8,7,8,8,8,8,8,8,8,8,8,8,8,8,8,8,8,8,8,7.9
198654,5,5,5,5,5,5,5,5,5,5,5,5,5,5,5,5,5,5,5,5,5.0
198655,4,4,3,3,3,1,1,1,1,2,2,3,3,3,3,2,2,3,2,2,2.4
198656,5,5,6,6,6,5,5,6,6,6,5,5,6,6,5,5,6,6,5,5,5.5
198657,7,7,4,4,4,4,4,4,4,4,4,4,4,4,4,4,4,4,4,4,4.3
198658,9,9,9,9,9,9,9,9,9,9,9,9,9,9,9,9,9,9,9,9,9.0
198659,5,5,5,6,5,6,6,6,6,6,6,6,6,5,6,7,7,7,6,6,5.9
198660,9,9,9,9,9,9,9,9,9,9,9,9,9,9,9,9,9,9,9,9,9.0
198661,5,4,4,5,4,5,4,5,5,4,4,4,5,4,5,4,5,4,5,4,4.45
198662,7,6,7,7,7,8,5,7,7,7,7,7,7,7,7,7,7,7,7,7,6.9
198663,3,3,3,3,3,3,3,3,3,3,3,1,1,1,1,1,1,1,4,4,2.4
198664,10,10,10,10,10,10,10,10,10,10,10,10,10,10,8,8,8,8,8,8,9.4
198665,7,7,7,7,7,8,8,7,7,7,7,8,8,7,8,7,8,7,7,7,7.3
198666,7,7,7,8,7,7,7,7,7,7,7,7,7,7,7,7,7,7,7,7,7.05
198667,10,10,10,10,10,10,10,10,10,10,10,10,10,10,10,10,10,10,10,10,10.0
198668,10,10,10,10,10,10,10,10,10,10,10,10,10,10,10,10,10,10,10,10,10.0
198669,10,10,9,9,8,9,9,9,8,8,8,10,9,8,8,9,10,10,9,10,9.0
198670,4,4,4,4,4,4,4,4,4,4,4,4,4,4,4,4,4,4,4,4,4.0
198671,10,10,10,10,10,10,10,10,10,10,10,10,10,10,10,10,10,10,10,10,10.0
198672,5,6,4,5,2,5,5,4,5,5,5,3,5,5,5,5,4,4,5,5,4.6
198673,8,8,8,8,8,8,8,8,8,8,8,8,8,8,8,8,8,8,8,8,8.0
198674,10,10,10,10,10,10,10,10,10,10,10,10,10,10,10,10,10,10,10,10,10.0
198675,5,5,5,5,5,5,5,5,5,5,5,5,5,5,5,5,5,5,5,5,5.0
198676,4,5,5,4,5,4,5,4,5,4,5,4,5,4,5,8,5,4,5,4,4.7
198677,1,1,1,1,1,2,2,2,2,3,3,4,2,3,2,3,2,3,2,4,2.2
198678,6,6,5,6,6,6,6,6,6,6,6,6,5,6,6,6,6,6,6,6,5.9
198679,9,8,8,7,7,8,8,7,8,7,9,9,8,8,8,9,9,9,9,8,8.15
198680,10,10,10,10,10,10,10,10,10,10,10,10,10,10,10,10,10,10,10,10,10.0
198681,8,8,7,9,8,8,8,7,9,9,8,8,8,8,9,8,9,8,9,8,8.2
198682,5,6,5,6,5,5,5,4,5,6,5,5,6,7,6,5,5,5,4,5,5.25
198683,8,9,9,8,9,8,9,8,9,8,9,8,9,8,9,8,9,8,9,8,8.5
198684,10,10,10,10,10,10,10,10,10,10,10,10,10,10,10,10,10,10,10,10,10.0
198685,5,5,5,5,5,4,5,5,5,5,5,5,5,5,5,5,5,5,5,5,4.95
198686,9,8,7,8,8,8,7,8,7,8,7,8,8,7,8,7,8,7,8,7,7.65
198687,10,10,10,10,10,10,10,10,10,10,10,10,10,10,10,10,10,10,10,10,10.0
198688,5,5,5,5,5,5,5,5,5,5,5,5,5,5,5,5,5,5,5,5,5.0
198689,4,4,4,4,4,4,4,4,4,4,4,4,4,4,4,4,4,4,4,4,4.0
198690,5,5,5,5,5,5,8,4,4,4,4,4,4,4,4,4,4,4,4,4,4.5
198691,6,6,6,6,6,6,5,5,5,5,5,5,5,5,5,5,5,5,5,5,5.3
198692,8,7,8,7,8,10,9,8,8,7,7,7,7,8,7,7,8,7,8,8,7.7
198693,5,5,5,5,5,5,5,5,5,5,5,5,5,5,5,5,5,5,5,5,5.0
198694,7,7,6,9,9,9,9,9,10,7,10,10,9,10,10,10,10,10,10,8,8.95
198695,3,3,3,3,3,3,3,3,3,3,3,3,3,3,3,3,3,3,3,3,3.0
198696,8,8,8,10,8,8,8,8,8,8,7,8,8,8,8,8,8,8,8,8,8.05
198697,10,10,10,10,10,10,10,10,10,10,10,9,10,10,10,10,10,10,10,10,9.95
198698,7,6,7,6,7,6,7,6,6,6,6,6,7,6,7,6,7,6,7,6,6.4
198699,1,1,2,2,2,2,1,2,3,3,3,3,2,3,3,3,3,5,3,6,2.65
198700,3,3,3,2,2,2,2,3,2,2,2,2,1,4,4,4,2,2,2,3,2.5
198701,7,9,9,10,9,10,8,8,9,9,8,7,7,6,7,6,5,6,7,9,7.8
198702,10,10,10,10,10,10,10,10,10,10,10,10,10,10,10,10,10,10,10,10,10.0
198703,9,9,9,9,9,10,10,10,10,10,10,10,10,10,10,10,10,10,10,10,9.75
198704,4,5,4,5,4,5,4,5,4,5,4,5,4,5,4,5,4,5,4,5,4.5
198705,10,10,10,10,10,10,10,10,10,10,10,10,10,10,10,10,10,10,10,10,10.0
198706,9,9,9,9,7,7,7,7,7,7,7,7,7,7,7,7,7,7,7,7,7.4
203316,7,7,7,7,7,7,7,7,7,7,7,7,7,7,7,7,7,7,7,7,7.0
203317,10,9,9,9,9,9,9,10,10,10,10,10,9,10,10,10,10,10,10,10,9.65
203318,10,10,10,10,10,10,10,10,10,10,10,10,10,10,10,10,10,10,10,10,10.0
203319,10,10,10,9,10,10,10,10,10,10,10,10,10,10,10,10,10,10,10,10,9.95
203320,9,10,9,9,9,9,9,9,9,9,9,9,9,9,9,9,9,9,9,9,9.05
203321,4,5,4,5,4,4,5,4,5,5,5,4,5,5,4,5,4,4,5,5,4.55
203322,7,7,8,9,9,9,9,9,10,7,9,9,9,9,9,9,9,9,9,8,8.65
203323,8,8,8,9,8,8,8,8,8,8,8,8,8,8,8,8,8,8,8,8,8.05
203324,5,6,8,8,7,6,6,6,6,6,7,6,6,7,7,7,6,7,6,7,6.5
203325,8,8,9,8,8,8,8,7,8,8,8,8,8,8,8,8,8,8,8,8,8.0
203326,5,4,4,6,4,4,5,5,4,5,4,5,4,5,4,5,4,5,4,4,4.5
203327,9,9,8,9,8,9,9,9,9,8,9,9,9,8,9,9,8,9,8,8,8.65
203328,10,10,10,10,10,10,10,10,10,10,10,10,10,10,10,10,10,10,10,10,10.0
203329,10,9,10,10,10,10,9,9,10,10,10,10,10,10,10,10,10,10,10,10,9.85
203330,7,6,7,6,7,6,7,6,7,6,6,6,7,6,7,6,7,6,7,6,6.45
203331,10,10,10,10,10,10,10,10,10,10,10,10,10,10,10,10,10,10,10,10,10.0
203332,6,5,6,5,6,5,5,6,6,6,6,6,6,7,6,6,6,6,6,6,5.85
203333,8,8,8,8,8,8,8,8,8,8,8,8,8,8,8,8,8,8,8,8,8.0
203334,8,8,8,9,8,8,8,8,9,9,9,9,9,8,8,8,8,8,9,9,8.4
203335,9,10,10,9,8,8,9,9,9,10,10,8,9,10,9,8,9,9,10,10,9.15
203366,8,8,8,8,7,6,7,6,6,8,7,7,6,5,6,7,5,6,5,6,6.6
203367,8,7,7,6,8,7,6,7,4,8,7,7,6,6,7,7,6,7,6,8,6.75
203368,7,6,7,5,8,6,5,7,6,6,7,5,5,5,5,5,6,4,5,6,5.8
203369,6,6,6,6,6,6,6,6,6,6,6,6,6,6,6,6,6,6,6,6,6.0
203370,7,8,9,8,8,8,8,8,8,8,8,8,8,8,8,8,8,8,8,8,8.0
203371,10,10,10,10,10,10,10,10,10,10,10,10,10,10,10,10,10,10,10,10,10.0
203372,5,5,5,7,6,7,6,7,6,7,6,7,6,7,6,6,6,6,7,7,6.25
203373,10,10,10,10,10,8,8,8,10,10,10,10,10,8,10,10,10,10,10,9,9.55
203374,8,6,6,7,4,6,4,6,5,5,7,8,7,6,6,6,6,6,6,6,6.05
203375,10,9,9,8,8,9,10,10,9,8,8,10,10,9,9,9,10,8,10,9,9.1
203376,3,5,4,5,4,5,4,5,4,5,4,5,4,5,4,4,4,4,4,4,4.3
203377,5,4,5,4,5,4,5,4,5,4,5,4,5,4,5,4,5,4,5,4,4.5
203378,9,9,9,10,9,9,9,8,9,9,9,9,8,10,9,9,9,9,9,10,9.05
203379,9,8,5,6,7,7,7,8,4,4,1,1,5,5,5,9,5,9,6,6,5.85
203380,7,7,7,7,7,7,7,7,7,7,7,7,7,5,7,7,7,7,5,7,6.8
203381,5,7,6,8,5,3,5,6,5,7,6,4,5,5,6,6,3,6,5,5,5.4
203382,9,7,7,8,6,4,6,6,6,4,7,7,8,6,5,9,7,7,5,6,6.5
203383,3,5,6,6,5,6,5,6,5,6,5,6,5,6,5,6,5,6,5,6,5.4
203384,2,2,2,2,2,2,2,2,2,2,2,2,2,2,2,2,2,2,2,2,2.0
203385,7,7,7,7,7,7,7,7,7,7,6,7,6,6,6,7,7,7,7,7,6.8
203386,10,9,9,9,9,9,9,9,9,9,9,9,9,9,9,9,9,9,9,9,9.05
203387,5,5,5,5,5,5,5,5,5,5,5,5,5,5,5,5,5,5,5,5,5.0
203388,8,8,7,7,6,5,7,8,8,6,7,6,7,4,7,6,5,5,6,6,6.45
203389,10,10,10,10,10,10,10,10,10,10,10,10,10,10,10,10,10,10,10,10,10.0
203390,8,8,7,8,7,7,7,8,8,8,8,8,8,8,8,8,8,8,8,8,7.8
203391,10,10,10,10,10,10,10,10,10,10,10,10,10,10,10,10,10,10,10,10,10.0
203392,5,5,5,5,5,5,5,5,5,5,5,5,5,5,5,5,5,5,5,5,5.0
221880,9,6,6,8,8,8,8,8,8,6,6,6,6,6,6,7,6,6,5,5,6.7
221881,4,5,4,5,4,4,4,4,4,4,4,4,4,4,4,4,4,4,4,4,4.1
221882,8,7,3,6,3,7,5,9,7,9,5,9,8,5,6,9,6,8,6,10,6.8
221883,8,5,6,5,5,5,5,5,5,5,5,7,7,8,5,6,5,5,7,6,5.75
221884,8,9,8,8,9,8,8,9,8,9,8,8,9,9,9,9,9,9,9,9,8.6
221885,8,9,8,9,8,9,7,9,8,9,8,9,8,8,9,8,9,8,9,8,8.4
221886,10,9,10,10,9,10,9,10,9,9,9,9,9,9,9,9,9,9,9,9,9.25
221887,6,6,7,7,7,7,7,6,6,8,7,6,6,5,6,7,6,6,6,6,6.4
221888,10,10,10,10,10,10,10,10,10,10,10,10,10,10,10,10,10,10,10,10,10.0
221889,6,6,6,6,6,6,6,6,6,6,6,6,6,6,6,6,6,6,6,6,6.0
221890,2,2,2,2,2,2,2,2,2,2,2,2,2,2,2,2,2,2,2,2,2.0
221891,9,9,9,9,9,9,9,9,9,9,9,9,9,9,9,9,9,9,9,9,9.0
221892,9,8,9,8,9,8,9,8,9,8,9,8,9,8,9,8,9,8,9,8,8.5
221893,9,9,9,9,8,9,8,9,9,10,10,10,9,10,8,9,10,9,10,9,9.15
221894,8,8,8,8,8,8,8,8,8,8,8,8,8,8,8,9,9,9,9,9,8.25
221895,9,9,10,9,9,8,9,8,9,9,10,9,8,9,9,9,8,9,9,8,8.85
221896,9,8,9,8,9,9,8,9,9,9,8,8,8,8,8,8,9,9,9,9,8.55
221897,10,10,10,10,10,10,10,10,10,10,10,10,10,10,10,10,10,10,10,10,10.0
221898,10,10,9,9,10,9,9,10,10,9,9,10,10,10,9,10,10,10,10,10,9.65
221899,8,7,8,7,8,7,8,7,8,7,8,7,8,8,7,8,8,9,10,10,7.9
221900,6,6,7,6,7,7,5,6,7,7,6,6,5,7,7,6,7,7,6,7,6.4
221901,3,3,3,4,3,4,3,4,3,4,3,4,3,4,3,4,3,4,3,4,3.45
221902,9,10,10,10,10,9,9,10,9,10,9,9,9,9,9,9,10,10,10,10,9.5
221903,8,8,8,8,8,8,8,8,8,8,8,8,8,8,8,8,8,8,8,8,8.0
221904,10,9,10,9,10,9,10,9,10,9,10,9,10,9,10,9,10,9,10,10,9.55
221905,7,6,7,8,8,8,8,8,8,7,8,9,8,8,8,8,9,9,8,8,7.9
221906,6,6,7,6,8,7,7,6,8,6,7,8,8,7,7,6,8,6,7,8,6.95
221907,10,10,10,10,10,10,10,10,10,10,10,10,10,10,10,10,10,10,10,10,10.0
221908,8,8,8,9,8,9,8,9,9,9,8,8,8,9,8,8,9,9,9,8,8.45
221909,10,10,10,10,10,10,10,10,10,10,10,10,10,10,10,10,10,10,10,10,10.0
221910,8,8,8,8,8,8,9,8,9,9,9,9,9,8,8,8,8,8,8,8,8.3
221911,3,3,4,4,4,4,4,4,4,4,4,4,4,4,3,4,4,4,6,4,3.95
221912,9,10,9,9,10,9,8,8,9,8,9,10,8,7,8,8,9,8,7,9,8.6
221913,9,8,9,8,9,8,9,8,9,8,9,8,9,8,9,8,9,8,9,8,8.5
221914,10,10,10,10,10,10,10,10,10,10,10,10,10,10,10,10,10,10,10,10,10.0
221915,4,8,7,6,7,6,7,8,8,8,8,8,9,8,8,8,9,7,7,8,7.45
221916,9,9,9,9,9,9,9,9,9,8,8,8,8,8,8,9,9,9,9,9,8.7
221917,10,10,10,10,10,10,10,10,10,10,10,10,10,10,10,10,10,10,10,10,10.0
221918,7,7,6,7,10,8,10,8,8,7,10,8,8,10,8,8,7,7,7,7,7.9
221938,6,5,7,6,5,8,7,6,7,8,6,7,8,6,7,8,6,7,8,7,6.75
221939,8,8,8,8,9,8,9,8,9,8,9,8,9,8,9,8,9,8,8,9,8.4
221940,1,3,5,1,4,1,1,5,10,5,5,3,4,1,5,7,2,1,1,1,3.3
221941,6,6,6,6,6,6,6,6,6,6,6,6,6,6,6,6,6,6,6,6,6.0
221942,6,5,6,6,6,5,6,6,6,5,5,6,5,5,5,5,6,6,6,6,5.6
221943,8,9,7,9,7,8,7,8,8,9,8,7,8,9,8,7,8,7,8,7,7.85
221944,5,5,5,5,5,5,5,5,5,5,5,5,5,5,5,5,5,5,5,5,5.0
221945,8,8,10,1,8,2,3,4,3,5,5,1,1,1,10,7,1,3,2,2,4.25
221946,6,6,6,6,6,6,6,6,6,6,6,6,6,6,6,6,6,6,6,6,6.0
221947,7,6,7,6,6,7,6,7,7,6,6,6,6,6,6,6,6,6,6,6,6.25
221948,8,8,8,8,8,8,8,8,8,8,8,8,8,8,8,8,8,8,8,8,8.0
221949,9,9,9,8,8,9,8,8,9,8,9,9,9,9,9,9,8,9,9,8,8.65
221950,5,5,7,6,4,5,5,5,6,9,6,5,5,5,5,7,7,7,7,6,5.85
221951,8,7,7,7,7,7,7,7,7,7,7,7,7,7,7,7,7,7,7,7,7.05
221952,6,6,6,6,6,6,6,6,6,6,6,6,6,6,6,6,6,6,6,6,6.0
221953,6,7,8,8,8,7,6,8,8,9,8,7,8,6,5,5,8,5,7,7,7.05
221954,8,8,7,8,7,8,9,7,8,8,8,7,6,7,8,7,6,6,7,6,7.3
221955,10,10,10,10,10,10,10,9,9,9,9,9,9,9,9,9,9,9,9,10,9.4
221956,10,10,10,10,10,10,10,10,10,10,10,10,10,10,10,10,10,10,10,10,10.0
221957,6,7,7,6,8,7,8,6,7,7,7,7,8,9,9,7,8,8,9,8,7.45
221958,10,10,10,10,10,10,10,10,10,10,10,10,10,10,10,10,10,10,10,10,10.0
221959,10,9,10,10,10,10,10,10,10,10,10,10,10,10,10,10,10,10,10,10,9.95
221960,4,4,4,4,4,4,4,4,4,4,4,4,4,4,4,4,4,4,4,4,4.0
221961,9,10,9,10,9,9,10,9,10,10,10,10,9,9,9,10,9,9,9,9,9.4
221962,2,2,4,4,2,4,1,3,2,4,4,4,2,2,2,6,5,2,3,3,3.05
221963,7,7,7,7,7,7,7,7,7,7,7,7,7,7,7,7,7,7,7,7,7.0
221964,2,2,2,2,2,2,3,2,1,1,1,3,2,2,2,2,3,2,2,2,2.0
221965,10,10,10,10,10,10,10,10,10,10,10,10,10,10,10,10,10,10,10,10,10.0
221966,10,9,9,10,8,9,9,10,8,8,7,8,8,9,10,9,9,9,9,10,8.9
221967,9,9,9,9,9,10,9,9,9,9,10,9,9,10,9,9,9,10,10,10,9.3
221968,10,10,10,10,10,10,10,10,10,10,10,10,10,10,10,10,10,10,10,10,10.0
221969,10,10,10,10,10,10,10,10,10,10,10,10,10,10,10,10,10,10,10,10,10.0
221970,3,3,4,3,1,2,3,4,2,3,2,2,3,3,3,2,2,3,3,2,2.65
221971,10,10,10,10,10,10,10,10,10,10,10,10,10,10,10,10,10,10,10,10,10.0
221972,9,8,9,8,8,7,8,8,8,8,8,7,9,9,10,10,10,9,10,10,8.65
221973,7,7,7,5,5,5,5,5,5,5,5,5,5,5,5,5,5,5,5,5,5.3
221974,8,10,8,10,9,9,10,8,9,8,10,8,8,9,10,9,8,10,9,10,9.0
